Company,date,sharpe_ratio,ROI,GMD,RED,DER,LQD,RDI,CES,SBI,IPP,NEF,ARC,TEP,HSC,UCC,ACS,NMS
000660.KS,2023-04-26,0.2795226319951896,7.8,6.5,8.1,5.2,5.0,7.0,6.0,8.5,7.5,4.0,5.5,7.2,6.8,6.3,5.8,7.1
000660.KS,2023-07-26,0.0485797178606923,1.0,1.0,1.0,5.0,1.0,4.0,3.0,3.0,5.0,4.0,3.0,7.0,4.0,3.0,3.0,4.0
000660.KS,2023-10-26,0.1118501990507884,1.0,2.0,2.5,6.0,3.0,5.5,4.5,4.5,6.25,5.5,4.5,7.75,5.5,4.25,4.5,5.25
000660.KS,2024-01-23,0.1202199598621006,2.5,2.0,4.0,5.5,3.0,6.5,5.0,5.0,6.5,6.0,4.0,8.5,6.0,5.0,4.5,6.0
000660.KS,2024-01-25,0.1571283382428085,4.0,6.0,7.0,7.5,4.5,7.5,7.0,7.0,7.5,7.0,5.5,9.0,7.0,6.0,5.0,7.5
000660.KS,2024-04-25,0.0850546881401415,5.0,6.5,7.0,5.5,4.0,7.5,7.0,6.5,7.5,7.0,5.0,9.0,7.5,6.0,5.5,7.5
000660.KS,2024-05-24,-0.0125006260564138,5.0,7.0,9.0,6.0,5.5,7.5,7.5,6.5,7.5,7.5,7.0,9.0,8.0,6.0,6.5,7.5
000660.KS,2024-07-25,0.0443132696697704,3.1,6.9,8.1,4.5,5.9,7.7,6.9,6.6,7.4,7.1,6.4,9.0,7.8,6.2,6.0,7.4
000660.KS,2025-04-24,0.2556020785882791,4.1,7.6,9.2,4.9,4.5,7.5,7.4,6.5,7.3,7.2,5.9,9.0,7.4,6.0,5.9,7.2
000660.KS,2025-07-24,0.3342321656945494,5.6,6.9,7.6,3.2,5.3,7.6,7.2,6.6,7.3,7.4,6.0,8.9,7.3,5.9,5.9,7.3
000660.KS,2025-10-29,0.2042930051860129,4.0,6.0,8.5,3.0,4.5,7.6,7.3,6.5,7.3,7.5,5.7,9.0,7.2,5.6,5.8,7.0
000660.KS,2026-01-29,0.1454214599888111,6.85,7.6,9.15,6.0,6.15,7.4,7.65,6.6,6.7,7.35,5.85,9.0,7.6,5.5,5.75,7.05
000660.KS,2026-04-23,0.2501669467756821,4.0,2.5,8.0,5.0,5.0,8.0,8.0,7.0,7.5,8.5,7.0,9.0,7.0,6.5,6.0,8.0
005930.KS,2023-05-12,0.0755876938671223,7.5,6.8,7.2,5.0,5.0,8.0,6.5,7.0,7.8,5.5,6.0,8.2,7.1,6.9,7.3,6.2
005930.KS,2023-08-11,0.0667636181522967,6.3,2.78,1.804,2.619,1.74,8.5,9.0,9.5,8.0,8.5,7.5,9.0,7.0,8.0,7.5,8.0
005930.KS,2023-11-14,0.052770943000188,6.9,7.2,3.0,4.0,4.8,8.75,8.75,9.25,8.0,8.5,7.25,9.25,7.5,7.5,7.5,8.0
005930.KS,2024-05-14,-0.0058686089075773,7.0,7.8,4.0,8.5,9.0,9.0,8.0,9.5,8.5,8.0,7.0,9.0,8.5,7.0,7.5,8.0
005930.KS,2024-08-14,-0.2605287353146411,7.2,7.37,4.46,4.29,4.77,8.83,8.33,9.25,7.83,7.83,7.17,9.33,7.83,7.33,7.33,8.0
005930.KS,2024-11-13,0.0967055136623395,7.2,3.969,1.841,2.67,1.96,8.75,8.375,9.375,8.125,8.0,7.125,9.375,7.5,7.375,7.125,8.0
005930.KS,2025-02-18,-0.0161678249544231,6.8,7.0,4.2,8.2,7.0,9.0,8.5,9.3,8.0,8.0,7.2,9.5,8.0,7.5,7.2,8.0
005930.KS,2025-08-13,0.2294067422934985,6.88,0.3745,0.1617,0.2655,1.3178,8.625,8.25,9.25,7.875,7.75,7.125,9.375,7.5,7.5,7.5,7.875
005930.KS,2025-11-13,0.2968237959655738,7.4,7.35,4.0,7.4,1.5,8.75,8.25,9.25,7.8,7.75,7.0,9.25,7.5,7.35,7.35,7.5
005930.KS,2026-02-12,0.1627435683703419,6.75,0.3767,0.1316,0.2675,1.4716,8.625,8.1667,9.25,7.75,7.75,7.0,9.25,7.5,7.4167,7.3333,7.6667
005930.KS,2026-05-14,0.0513775311834263,6.21,0.377,0.141,0.275,1.73,8.67,8.25,9.25,7.75,7.75,7.08,9.33,7.58,7.5,7.42,7.58
6758.T,2023-08-09,0.009635786638288,7.5,6.2,8.1,4.5,3.9,7.8,5.0,8.5,6.0,7.0,5.5,7.2,6.8,7.1,6.5,5.8
6758.T,2023-11-09,0.0807302254411833,4.75,3.03,5.33,4.59,4.14,7.5,7.0,9.0,6.5,8.0,3.0,8.5,7.0,6.0,6.5,7.0
6758.T,2024-02-14,-0.0824887947759565,4.75,0.33,0.33,0.4687,1.142,7.5,7.0,9.0,6.5,8.0,3.0,8.5,7.0,6.0,6.5,7.0
6758.T,2024-05-14,0.060165341402529,5.64,0.739,1.09,0.57,0.86,7.5,7.0,8.5,8.0,9.0,6.0,8.5,8.0,7.0,7.0,7.5
6758.T,2024-08-07,0.1305346749753439,6.8,3.77,1.188,0.527,0.189,7.5,7.0,8.5,8.0,9.0,6.0,8.5,8.0,7.0,7.0,7.5
6758.T,2024-11-08,0.2070259154247845,8.0,4.0,7.0,5.0,4.0,7.5,7.5,9.0,7.5,8.5,6.0,8.5,8.0,7.0,7.5,7.0
6758.T,2025-02-13,0.0434973632950305,7.51,4.93,6.81,3.43,0.15,7.5,7.5,8.75,7.5,8.75,6.25,8.5,8.0,7.0,7.25,7.0
6758.T,2025-05-14,0.0806900069822157,3.46,4.47,1.13,3.15,1.0,7.5,7.2,8.5,7.0,8.67,5.5,8.0,7.75,6.75,6.75,7.0
6758.T,2025-11-11,-0.1821434580448552,8.61,0.4075,0.0161,0.4857,0.1548,7.5,8.0,9.0,7.0,8.5,6.5,8.5,8.0,7.0,7.5,7.0
6758.T,2026-02-05,-0.0410807272207026,6.48,0.32,0.03,0.17,0.06,7.5,8.0,8.5,7.0,9.0,6.0,8.0,8.5,7.0,7.5,7.0
6758.T,2026-05-08,0.0897510637150679,4.75,0.289,0.33,0.5867,0.1548,7.5,7.0,9.0,6.5,8.0,3.0,8.5,7.0,6.0,6.5,7.0
8306.T,2023-08-03,0.147150881374924,7.5,8.1,9.0,6.5,7.0,8.5,7.8,8.8,7.2,6.8,5.0,8.0,7.0,6.0,6.5,5.5
8306.T,2023-11-02,0.0821355776933501,4.5,7.0,3.0,6.0,6.5,6.0,8.0,8.5,6.5,7.0,7.5,7.0,7.5,7.0,7.0,8.0
8306.T,2024-02-06,0.1520819099923086,4.5,6.0,3.5,4.0,4.8,7.0,7.5,8.0,5.7,6.5,7.75,6.75,7.25,6.5,7.25,8.25
8306.T,2024-05-02,-0.0051890016572185,4.0,5.5,2.5,3.0,3.5,7.0,7.0,8.0,5.0,5.0,7.0,6.0,6.5,6.5,6.5,8.25
8306.T,2024-08-06,0.2385617704428305,6.1,5.5,3.5,4.5,4.8,7.0,7.2,7.8,5.2,5.6,7.7,6.0,7.0,6.6,6.7,8.2
8306.T,2024-11-01,0.2386820441897121,4.5,5.2,2.5,4.0,4.2,7.0,7.3,7.8,5.4,5.7,7.5,6.6,7.1,6.6,6.7,7.8
8306.T,2025-02-12,0.0353702522715357,4.5,5.2,3.0,4.0,2.5,5.7,7.2,7.8,4.5,5.7,7.5,6.5,7.2,6.3,6.6,8.1
8306.T,2025-05-02,0.2457178918585284,4.5,5.2,3.0,3.8,4.0,6.0,7.2,7.9,4.5,5.7,7.7,6.5,7.2,6.2,6.5,8.2
8306.T,2025-08-07,0.1013681754174277,4.0,5.5,3.5,6.0,3.0,5.5,7.0,8.0,4.5,6.0,7.5,6.5,7.0,6.0,6.5,8.0
8306.T,2025-11-04,0.1839390900031279,3.5,5.5,2.0,5.0,3.5,5.5,7.0,7.5,4.0,5.5,7.5,6.5,7.0,6.5,6.5,8.0
8306.T,2026-02-10,-0.012896212793269,3.68,5.0,3.68,5.73,2.81,6.25,7.1,7.75,4.6,5.6,7.5,6.5,7.1,6.1,6.25,7.75
8306.T,2026-05-01,0.2612444424025033,2.5,5.2,3.0,3.5,2.8,5.5,7.0,7.5,4.5,5.5,7.5,6.5,7.0,6.0,6.0,8.0
9988.HK,2024-05-14,-0.0298734559543658,7.5,6.8,8.2,5.0,6.5,7.1,5.5,7.9,6.0,4.5,5.2,7.0,6.3,7.2,5.8,6.7
9988.HK,2024-08-15,0.0872560656584346,4.0,4.0,6.0,7.0,4.5,7.5,8.0,8.5,6.0,9.0,4.0,7.0,8.0,6.5,7.0,7.0
9988.HK,2024-11-15,0.2545728179192378,3.0,4.9,4.0,6.0,6.0,6.5,7.8,8.3,5.0,8.8,3.5,7.0,7.5,5.8,6.8,7.0
9988.HK,2025-02-20,0.0146100287783828,3.0,0.47,0.07,0.17,1.23,7.5,7.83,7.83,5.0,8.67,3.33,7.67,7.67,5.17,6.83,6.17
9988.HK,2025-05-15,-0.0164394638423264,3.4,0.53,0.06,0.19,1.16,7.5,7.95,8.17,5.42,8.83,3.67,7.58,7.75,5.62,6.75,6.17
9988.HK,2025-08-29,0.1333901086123636,3.44,0.72,0.07,0.14,1.19,7.5,8.0,7.75,6.0,9.0,4.0,8.0,7.83,6.17,6.83,5.83
9988.HK,2026-03-19,-0.1119757263963846,4.7,4.8,5.2,6.8,5.5,7.7,7.8,7.9,6.2,8.8,4.0,8.1,7.8,6.1,6.6,6.2
9988.HK,2026-05-13,-0.3501975759928086,3.7,2.8,1.03,0.45,1.32,7.75,7.75,7.92,6.17,8.83,4.5,8.17,7.75,6.33,6.67,6.17
AAPL,2022-07-28,-0.0290129027738496,7.5,6.8,8.1,7.2,6.5,7.8,6.0,8.5,7.0,5.5,6.2,7.9,7.1,7.3,6.9,5.8
AAPL,2023-02-02,0.1203047173968191,5.0,5.0,5.0,5.0,5.0,8.5,9.0,9.5,8.0,9.0,7.5,9.0,9.5,8.0,7.0,6.0
AAPL,2023-05-04,0.1299251321931977,3.5,5.0,3.0,3.0,3.0,8.8,8.8,9.5,7.5,9.0,6.5,9.0,9.5,8.0,7.5,6.3
AAPL,2023-08-03,-0.0974781762730674,4.9,5.0,3.0,3.0,3.0,7.0,8.0,9.5,7.5,9.0,6.5,8.75,9.25,7.75,7.25,6.25
AAPL,2023-11-02,0.0715780157863928,3.5,5.0,3.0,3.0,3.0,8.0,8.5,9.5,7.5,9.0,6.5,9.0,9.0,8.0,7.5,6.5
AAPL,2024-02-01,-0.0836502517880317,3.13,5.05,4.25,3.95,3.1,8.17,8.83,9.5,7.67,9.0,6.83,9.0,9.17,8.0,7.33,6.57
AAPL,2024-05-02,0.2303338572222185,3.1,5.1,3.1,3.1,3.1,7.8,8.8,9.5,7.5,8.8,6.7,8.8,9.1,7.7,7.2,6.4
AAPL,2024-08-01,0.0684713521907141,3.5,5.2,4.8,3.8,3.2,8.2,8.8,9.5,7.6,8.8,6.6,8.9,9.1,7.9,7.3,6.6
AAPL,2024-11-01,0.0776666132236554,2.5,5.8,4.2,3.5,4.5,8.2,9.0,9.5,7.5,9.0,6.8,9.0,9.2,8.0,7.3,6.8
AAPL,2025-01-31,-0.0530654502185899,3.11,6.18,5.09,3.31,4.15,8.38,8.75,9.5,7.56,8.75,6.75,8.88,9.13,7.75,7.19,6.5
AAPL,2025-05-02,-0.0079129483806748,0.18,5.92,5.43,2.97,0.89,8.25,8.83,9.5,7.83,8.83,6.83,8.83,9.17,7.83,7.33,6.5
AAPL,2025-08-01,0.2916871233286681,3.0,7.8,5.8,3.0,4.0,8.5,9.2,9.8,7.9,9.0,6.8,9.2,9.2,7.9,7.3,6.6
AAPL,2025-10-31,-0.0605411286790592,0.1829,0.469,1.04,1.39,0.941,9.0,9.5,10.0,8.5,9.0,7.0,9.5,9.0,8.5,7.5,7.0
AAPL,2026-01-30,0.0819370397810917,2.0,5.1,6.0,3.0,5.0,8.0,9.0,9.5,8.0,9.0,7.0,9.0,9.0,8.0,7.5,6.5
AAPL,2026-05-01,0.1330089830784419,2.5,5.0,7.0,3.0,4.5,8.5,9.0,9.5,8.0,9.0,7.0,9.0,9.0,8.0,7.5,6.5
ABBV,2022-08-04,0.0557662995763508,7.5,6.8,8.2,7.1,6.5,7.9,6.1,8.5,7.3,6.9,5.5,7.7,6.3,5.9,7.0,6.7
ABBV,2022-11-04,0.0188081370740447,8.36,7.08,1.045,4.977,0.289,7.0,7.5,8.0,7.0,6.0,5.0,7.0,8.5,6.5,6.0,7.0
ABBV,2023-05-05,0.0174666753297148,7.5,7.0,7.5,6.5,5.5,7.5,7.5,8.0,7.0,6.0,5.0,8.0,8.5,6.5,6.0,7.0
ABBV,2023-08-07,-0.0731112882008378,4.0,6.5,6.0,3.5,2.5,7.2,7.3,8.0,7.0,6.0,5.0,7.8,7.7,6.7,6.2,7.5
ABBV,2023-11-06,0.3851947764033793,6.0,7.5,7.0,5.0,5.0,7.3,7.2,7.7,7.0,6.0,5.0,7.6,7.5,6.7,6.2,7.3
ABBV,2024-02-20,-0.0637715909858394,6.5,7.0,7.5,5.0,5.0,7.7,7.2,8.2,7.2,6.2,6.0,7.7,8.0,7.0,6.3,8.2
ABBV,2024-05-03,0.1870022140897361,4.9,5.1,3.5,4.9,4.9,7.5,7.5,7.0,7.0,3.8,4.3,7.7,7.5,6.8,5.8,7.5
ABBV,2024-08-07,0.1148032636566769,7.0,6.63,7.07,6.27,4.35,7.75,7.25,7.75,7.25,5.92,5.67,7.83,7.58,7.08,6.17,7.58
ABBV,2024-11-04,-0.014675766861757,4.9,5.0,4.0,3.0,3.0,7.9,7.2,7.8,7.6,6.5,6.1,8.1,7.7,7.1,6.5,7.8
ABBV,2025-02-14,-0.0167519935588106,7.0,6.91,0.97,1.87,0.27,8.0,7.33,8.0,7.75,6.17,5.83,8.0,7.75,7.17,6.5,7.5
ABBV,2025-05-09,0.0926999640200595,7.38,6.75,4.5,7.38,5.75,8.13,7.25,7.75,7.63,6.13,5.75,8.0,7.75,7.0,6.44,7.69
ABBV,2025-08-04,0.1247893078069753,7.0,6.46,3.84,3.25,0.37,8.17,7.17,7.75,7.67,5.75,5.75,8.08,7.58,7.08,6.33,7.67
ABBV,2025-11-04,0.0299919094657753,4.8,6.8,4.6,4.0,4.0,8.1,7.3,7.8,7.6,5.5,5.5,8.1,8.0,7.1,6.5,7.7
ABBV,2026-02-20,-0.0307945059913806,7.1,6.8,3.5,8.0,4.0,8.0,7.4,7.9,7.6,5.5,5.6,7.9,7.7,7.1,6.4,7.8
ABBV,2026-05-08,0.3783672679364811,6.7,6.8,4.3,7.0,0.4,8.2,7.3,8.0,8.3,6.0,5.4,8.2,7.7,7.4,6.5,7.7
ABT,2022-08-02,-0.0710992202780597,7.8,8.2,9.1,6.5,7.1,7.5,8.8,9.5,8.0,7.2,6.8,8.5,7.9,8.3,7.0,6.0
ABT,2022-11-01,0.1583191674465306,4.5,5.0,5.0,5.0,5.0,5.0,5.0,5.0,5.0,5.0,5.0,5.0,5.0,5.0,5.0,5.0
ABT,2023-05-04,-0.0300209707323288,4.0,5.1,4.9,5.1,4.9,8.0,7.0,8.5,7.0,5.0,4.0,8.0,7.5,6.0,6.5,7.0
ABT,2023-08-03,-0.1403036721089848,4.0,5.5,3.0,5.0,5.6,7.3,7.5,8.8,7.3,5.5,4.5,8.3,7.3,6.5,6.4,7.3
ABT,2023-11-01,0.2914993446792908,4.5,5.0,3.0,5.5,6.0,7.16,7.5,8.5,7.33,5.83,4.33,7.83,7.17,6.33,6.5,7.5
ABT,2024-02-16,-0.1223408240374056,4.0,6.0,3.0,7.0,6.5,7.0,7.5,8.5,7.5,6.0,5.0,8.0,7.0,6.0,6.5,7.5
ABT,2024-05-02,0.0722099596344491,4.23,5.23,3.13,6.2,6.87,7.38,7.5,8.38,7.38,6.13,5.0,8.13,7.25,6.75,6.5,7.38
ABT,2024-07-31,0.1109718930438627,3.4,5.4,2.5,5.4,6.6,7.4,7.4,8.3,7.3,6.2,5.0,8.1,7.2,6.6,6.5,7.3
ABT,2024-10-31,0.1626902268436803,4.1,6.2,3.8,6.7,7.6,7.3,7.4,8.4,7.3,6.2,5.0,8.1,7.6,6.8,6.5,7.3
ABT,2025-02-21,-0.0140768679638378,4.9,7.1,3.5,8.0,7.6,7.2,7.3,8.3,7.3,6.1,5.0,8.0,7.5,6.7,6.5,7.3
ABT,2025-04-30,-0.0236253803433374,3.55,5.21,2.75,7.88,5.96,7.25,7.42,8.33,7.33,6.17,5.0,8.17,7.58,6.75,6.42,7.33
ABT,2025-07-30,-0.0108741091487366,5.08,5.57,4.0,5.94,6.76,7.17,7.33,8.33,7.33,6.25,5.17,8.08,7.42,6.75,6.5,7.25
ABT,2025-10-29,-0.1059877583665808,3.4,5.7,4.2,7.0,6.0,7.3,7.5,8.3,7.2,6.2,5.2,8.1,7.5,6.8,6.7,7.4
ABT,2026-02-20,-0.2209837883038991,7.3,7.4,4.2,4.9,7.4,7.2,7.4,8.1,7.1,5.9,4.8,8.0,7.5,6.7,6.7,7.3
ABT,2026-04-29,0.0638895996781908,5.1,5.2,4.0,6.0,4.9,7.5,7.5,8.0,7.0,5.8,4.5,8.0,7.5,6.8,6.6,7.2
ACN,2022-06-23,-0.0677980705080695,7.2,6.5,7.8,5.0,6.1,7.0,5.5,8.0,6.8,4.5,5.2,7.5,6.0,7.1,5.8,6.3
ACN,2022-12-16,-0.0436217870303513,5.0,5.0,7.0,5.0,5.0,7.0,8.0,9.0,6.0,7.0,5.0,8.0,8.0,8.0,7.0,7.0
ACN,2023-03-23,0.1196334854675905,3.0,5.0,4.0,5.0,5.0,7.25,8.0,8.0,5.5,6.75,5.5,7.5,7.75,7.5,7.0,6.5
ACN,2023-06-22,0.0328001783352126,2.5,5.0,7.0,5.0,3.0,7.2,8.0,8.0,5.0,6.5,4.0,7.0,7.8,7.0,7.0,6.0
ACN,2023-10-12,0.242670621569826,3.1,5.0,3.2,5.0,3.4,7.0,8.0,8.2,5.0,6.8,4.0,7.5,8.2,7.0,7.0,6.3
ACN,2023-12-19,0.0215668240491626,3.5,5.1,4.9,7.0,6.0,7.5,8.0,8.2,6.0,7.0,4.0,7.8,7.9,7.5,7.2,6.5
ACN,2024-03-21,-0.1026136860680768,3.5,6.0,5.5,9.0,7.0,7.5,8.0,8.0,6.0,7.0,4.0,7.5,7.5,7.5,7.0,6.5
ACN,2024-06-20,0.1260533041597033,2.9,5.5,3.2,7.4,3.5,7.2,8.0,8.4,6.0,7.2,4.6,7.6,8.1,7.5,7.2,6.5
ACN,2024-10-10,-0.0237688600916729,3.8,5.6,4.0,7.6,5.0,7.8,7.9,8.4,6.2,7.2,4.6,7.6,8.1,7.5,7.1,6.8
ACN,2024-12-19,-0.1813136900940569,2.8,5.8,3.8,7.5,5.5,7.8,8.0,8.6,6.4,7.2,5.2,7.8,8.2,7.7,7.1,7.2
ACN,2025-03-20,-0.0281023897149846,4.0,5.1,4.5,7.0,4.5,7.5,8.0,8.5,5.5,7.0,4.5,7.5,8.0,7.5,7.0,6.5
ACN,2025-06-20,-0.1553081038606595,3.1,5.2,4.2,7.8,4.1,7.7,8.1,8.6,5.8,7.1,5.4,7.8,8.2,7.3,7.0,6.8
ACN,2025-10-10,0.150608747087978,3.4,5.7,4.5,9.2,5.7,7.5,8.0,8.7,5.4,7.1,5.0,7.7,8.2,7.5,7.0,6.8
ACN,2025-12-18,-0.1604535947747603,3.0,5.0,4.0,8.5,5.5,7.5,8.5,8.5,5.5,7.0,5.0,7.5,8.0,7.5,7.0,6.5
ACN,2026-03-19,-0.1903474728903892,4.2,5.6,4.2,8.3,3.9,7.7,8.2,8.5,5.7,7.0,4.7,7.7,8.3,7.4,7.0,6.9
ALV.DE,2023-05-12,0.022693157324509,7.5,7.0,7.8,6.5,6.0,7.2,6.8,8.0,7.5,6.2,5.5,7.8,7.0,6.5,7.0,7.2
ALV.DE,2023-08-10,-0.0480580335649659,5.1,5.1,5.1,5.0,4.9,7.5,8.0,9.0,6.0,7.0,5.0,7.0,8.5,7.0,7.5,6.5
ALV.DE,2023-11-10,0.1842267582473749,7.5,7.0,7.0,3.0,2.0,8.5,8.75,9.0,5.0,6.5,4.0,7.0,8.25,7.25,7.75,6.75
ALV.DE,2024-05-15,-0.0394659337977184,7.0,5.0,6.0,4.9,4.9,6.0,8.0,9.0,3.0,4.0,3.0,5.0,7.0,4.0,7.0,7.0
ALV.DE,2024-08-08,0.314688177087631,7.8,5.5,6.0,4.0,5.0,6.5,7.8,8.8,3.0,4.5,3.0,5.0,7.3,5.5,6.5,6.0
ALV.DE,2024-11-13,0.2316374786929652,7.5,5.2,6.5,3.0,4.0,7.0,8.0,8.8,3.2,4.2,3.4,5.8,7.5,5.5,6.8,6.0
ALV.DE,2025-02-28,0.0990564901997301,7.5,6.0,7.5,3.0,3.0,7.0,8.0,9.0,2.5,4.0,3.5,6.0,7.5,5.5,7.0,6.0
ALV.DE,2025-05-15,0.0619747505075908,7.5,7.0,8.0,4.0,4.0,7.0,8.5,9.0,3.0,4.0,3.5,6.0,7.5,5.5,7.0,6.0
ALV.DE,2025-08-07,-0.0487475125780405,7.2,6.5,7.8,4.0,3.0,6.8,7.8,8.8,2.8,4.2,3.5,6.0,7.5,5.5,6.8,5.8
ALV.DE,2025-11-14,0.0024888215450953,7.8,5.5,8.2,3.0,2.0,7.1,8.1,8.9,3.0,4.4,3.7,6.1,7.6,5.9,7.1,5.9
ALV.DE,2026-02-26,0.0482542890949157,8.2,6.5,8.5,3.0,1.0,7.2,8.2,8.9,3.2,4.7,3.6,6.3,7.5,6.5,7.0,5.7
ALV.DE,2026-05-13,0.323344207178335,7.8,6.2,8.5,4.5,3.0,7.6,8.4,9.0,3.4,5.1,4.2,6.5,7.7,7.2,7.2,6.1
AMAT,2022-08-25,0.0293322328773391,7.5,6.2,8.1,7.8,6.5,7.0,6.8,8.5,7.2,6.0,5.5,7.9,7.3,6.7,6.9,7.1
AMAT,2023-02-23,0.0727167790176383,3.0,3.0,3.0,5.0,8.0,7.5,7.0,7.0,6.5,6.0,6.0,8.0,8.5,7.0,6.5,7.5
AMAT,2023-05-26,0.0571813097894916,3.0,5.3,4.0,5.3,3.0,5.0,5.0,5.4,5.0,5.0,5.1,6.7,6.2,5.0,5.2,5.1
AMAT,2023-08-24,0.0521775559312767,2.5,5.1,6.0,5.5,3.0,7.5,7.5,7.3,7.0,6.0,6.5,8.5,8.5,7.0,7.0,7.5
AMAT,2023-12-15,0.1474641008682146,3.5,5.5,4.5,6.0,4.0,7.5,7.5,7.5,7.0,6.5,7.5,8.5,8.8,7.0,7.0,7.5
AMAT,2024-02-27,0.0833194862224761,3.5,5.1,3.0,6.5,4.5,8.0,7.5,7.5,7.0,6.0,7.5,8.5,8.5,7.0,6.8,7.5
AMAT,2024-05-23,-0.0181621521935676,3.5,5.8,3.2,6.5,4.5,7.5,7.6,7.5,7.0,6.0,7.0,8.2,8.3,6.7,6.7,7.5
AMAT,2024-08-22,-0.074790877394605,3.0,7.0,4.0,7.0,4.5,9.0,7.5,7.5,7.0,6.0,7.5,8.5,8.5,6.5,6.5,7.5
AMAT,2024-12-13,-0.0394712705813378,3.0,5.5,4.5,6.0,4.0,9.0,7.8,7.6,7.3,6.0,7.5,8.6,8.5,6.8,6.5,7.5
AMAT,2025-02-20,-0.0177389771605409,4.0,5.1,4.5,6.0,5.5,8.9,7.6,7.8,7.7,6.2,7.6,8.8,8.3,6.8,6.7,7.5
AMAT,2025-05-22,0.0225035639097208,4.0,7.0,5.5,6.5,5.0,8.5,7.5,7.8,7.0,6.5,7.5,8.8,8.3,6.8,6.7,7.5
AMAT,2025-08-21,0.2503190027503715,2.5,7.5,3.5,7.0,4.0,8.5,7.5,7.7,7.2,6.4,7.3,8.7,8.4,6.8,6.6,7.5
AMAT,2025-12-12,0.1556854759975788,3.5,6.5,4.0,7.0,4.5,8.5,7.5,7.5,6.8,6.5,6.8,8.8,8.3,6.8,6.5,7.3
AMAT,2026-02-19,0.0856856700440059,3.5,8.5,4.0,7.0,5.0,8.8,7.7,7.6,7.0,6.3,6.8,8.7,8.3,6.7,6.4,7.4
AMAT,2026-05-21,0.2341515093458543,2.339,5.571,4.155,6.015,4.161,8.167,7.25,7.5,7.25,6.333,6.917,8.5,8.167,6.667,6.667,7.333
AMD,2022-08-03,-0.2082129790349917,7.5,7.0,8.0,7.0,6.5,7.5,6.0,8.0,7.0,5.5,5.0,7.5,6.5,6.0,5.5,6.0
AMD,2022-11-02,0.1772718309880385,4.9,5.0,8.0,5.0,4.9,7.5,7.0,6.0,6.5,7.0,5.0,8.0,7.0,6.0,6.0,7.5
AMD,2023-05-03,0.1785722035177139,3.2,3.5,7.8,4.8,3.0,5.0,5.0,6.5,7.2,6.7,5.0,8.2,7.0,6.0,6.2,7.5
AMD,2023-08-02,-0.0530888006191706,4.5,4.8,4.0,5.2,4.2,7.5,6.7,6.7,7.2,6.7,5.0,8.1,7.2,6.2,5.7,7.3
AMD,2023-11-01,0.2954218493168814,3.0,5.0,5.0,5.0,5.0,7.5,6.5,7.0,7.0,6.5,5.0,8.0,7.0,6.5,5.5,7.0
AMD,2024-01-31,-0.0542376275691217,3.0,6.0,4.0,6.5,4.0,8.5,6.5,7.5,7.5,6.5,5.0,8.5,7.5,6.5,5.8,7.5
AMD,2024-05-01,-0.030851713618936,3.1,5.0,3.5,5.0,4.5,7.5,6.7,7.0,7.5,6.5,5.0,8.5,7.2,6.7,5.7,7.1
AMD,2024-07-31,0.0910211304372025,3.0,5.5,4.0,5.5,4.5,7.5,6.5,7.0,7.5,6.5,5.0,8.5,7.0,6.5,5.5,7.0
AMD,2024-10-30,-0.1589923291925981,3.5,6.5,5.8,5.8,5.5,8.2,7.0,7.2,7.6,6.7,5.5,8.7,7.3,7.0,6.0,7.2
AMD,2025-02-05,-0.0179450422785775,3.0,7.5,5.0,8.0,4.0,8.5,7.0,7.5,7.5,7.0,5.5,8.5,7.5,7.5,6.0,7.0
AMD,2025-05-06,0.3020872621878886,4.1,4.73,0.85,0.045,1.05,7.8,6.75,7.5,7.5,6.5,5.75,8.5,7.16,6.83,6.0,7.16
AMD,2025-11-04,-0.0832654731706434,4.1,4.7,1.09,5.0,1.04,7.6,7.0,7.6,7.5,7.0,6.2,8.7,7.3,7.1,6.0,7.1
AMD,2026-02-03,0.1581046601945226,3.5,7.5,7.0,6.0,5.5,8.0,7.0,7.5,7.5,7.0,6.5,8.5,7.5,7.0,6.5,7.0
AMD,2026-05-05,0.193529527559681,4.5,7.5,7.0,7.0,4.5,8.5,7.0,7.5,8.0,7.5,6.5,8.5,7.5,7.5,6.5,7.0
AMGN,2022-08-03,0.1108602819421208,7.5,8.0,8.5,7.0,6.5,7.0,7.8,8.2,7.7,6.0,5.5,8.1,7.2,6.8,7.3,6.7
AMGN,2022-11-03,-0.0863152267823351,4.5,7.0,6.5,2.0,4.0,8.5,7.0,8.0,8.5,6.5,5.0,8.0,7.5,7.0,6.0,7.0
AMGN,2023-05-04,0.0760754468469476,7.3,7.6,3.2,3.0,6.5,8.0,7.0,8.0,7.8,6.3,5.0,8.3,7.3,6.8,6.0,7.3
AMGN,2023-08-03,0.1375695980756457,4.0,7.5,4.5,3.0,6.0,7.5,6.8,8.0,7.8,5.8,4.3,7.8,6.8,6.8,5.8,7.2
AMGN,2023-10-26,0.1960972758170049,8.5,7.0,5.5,3.0,8.0,7.5,7.5,8.5,8.0,6.0,4.5,8.0,8.0,6.8,6.2,7.3
AMGN,2024-02-14,0.0920896160931843,6.5,7.0,5.0,4.0,6.0,8.0,7.0,8.0,7.5,6.0,5.5,8.0,7.5,7.0,6.0,7.0
AMGN,2024-05-07,0.0632252085055598,7.0,7.2,6.5,3.5,4.0,8.1,7.2,8.3,8.1,5.8,5.5,8.2,7.5,7.1,6.5,7.3
AMGN,2024-08-01,-0.0527991065369515,7.1,6.47,5.98,3.0,1.57,7.84,7.3,8.25,8.12,5.75,5.75,8.12,7.43,6.93,6.41,7.25
AMGN,2024-10-26,-0.0967306374150306,6.5,7.2,7.8,3.5,5.5,7.8,7.2,8.2,8.0,5.7,5.5,8.0,7.5,7.1,6.7,7.3
AMGN,2025-02-14,-0.0379566585605953,4.5,8.0,7.0,3.0,5.5,7.8,7.2,8.2,8.2,5.5,5.6,8.0,7.5,6.8,6.5,7.2
AMGN,2025-05-01,0.0574283585650895,7.35,7.05,8.06,3.45,1.0,7.75,7.15,8.15,8.15,5.5,5.25,8.15,7.35,6.95,6.55,7.25
AMGN,2025-08-07,0.1236333702046202,3.5,6.0,7.0,2.5,4.0,8.0,7.0,8.0,8.5,5.5,5.0,8.0,7.5,7.0,6.5,7.0
AMGN,2025-10-30,0.1519820588428092,4.0,6.8,4.7,2.5,4.5,8.0,7.2,8.0,8.0,5.7,5.5,7.9,7.6,6.9,6.5,7.3
AMGN,2026-02-13,-0.1193006284364248,4.5,6.8,6.9,2.8,5.6,7.8,7.1,8.0,8.0,5.8,4.8,8.0,7.5,6.8,6.4,7.3
AMGN,2026-04-27,0.1396391690030436,3.2334,5.4811,4.7582,2.8156,3.9286,8.2143,7.1429,7.9286,7.9286,5.7143,5.0714,7.7143,7.4286,6.9286,6.1429,7.1429
AMZN,2022-07-28,-0.0175894989294704,7.5,6.8,8.2,6.0,5.5,7.2,6.5,8.0,7.0,4.5,5.0,7.8,6.2,7.0,5.8,6.5
AMZN,2022-10-27,-0.029140363003509,3.5,5.0,6.0,5.0,5.0,7.5,9.0,9.5,6.0,9.0,5.0,8.5,8.0,7.0,7.0,3.0
AMZN,2023-04-27,0.1709175582740864,4.0,4.5,7.5,7.0,4.0,7.5,8.5,9.25,6.0,9.25,5.0,8.5,8.5,7.0,7.0,4.5
AMZN,2023-08-03,0.0525993651754788,2.5,6.5,7.0,7.0,3.0,7.25,8.5,9.25,6.25,9.25,5.25,8.25,8.5,7.0,7.25,4.5
AMZN,2023-10-26,0.3074677527863287,4.5,7.0,8.0,6.5,4.0,7.5,8.5,9.5,7.0,9.5,5.5,8.5,8.5,7.0,7.0,6.5
AMZN,2024-02-01,0.1398550564726056,2.5,6.0,7.5,7.0,4.0,7.3,8.4,9.3,6.5,9.4,5.8,8.3,8.8,7.1,7.2,6.3
AMZN,2024-04-30,0.0799460888868413,6.5,5.1,7.0,5.5,4.0,7.2,8.1,9.1,6.4,9.2,4.8,8.1,8.5,7.0,7.1,6.0
AMZN,2024-08-01,0.0469822667787519,4.5,6.5,8.0,5.5,4.0,7.0,8.0,9.0,6.0,9.0,5.5,8.0,8.5,7.0,7.5,6.0
AMZN,2024-10-31,0.2254565543256613,5.5,6.5,8.5,7.0,4.5,7.8,8.5,9.3,6.5,9.3,5.6,8.3,8.6,7.0,7.4,6.2
AMZN,2025-02-06,-0.1053110591519856,6.5,7.0,8.5,7.0,6.0,7.5,8.5,9.3,6.5,9.2,6.0,8.3,8.5,7.1,7.4,6.2
AMZN,2025-05-01,0.1096818490061641,7.0,7.0,8.0,6.0,7.0,8.0,8.5,9.5,6.5,9.0,6.0,8.0,8.5,7.5,7.5,6.5
AMZN,2025-07-31,-0.0037270817674742,0.096,0.498,0.105,0.232,1.083,8.0,9.0,9.5,7.0,9.0,7.5,8.5,8.0,7.5,7.0,6.5
AMZN,2025-10-30,0.065464025771963,5.0,7.5,7.0,7.0,5.0,7.8,8.8,9.3,6.5,9.2,5.8,8.3,8.7,7.3,7.4,6.2
AMZN,2026-02-05,0.1695711376573401,0.056,0.5054,0.13,0.266,0.992,7.5,8.0,9.0,6.0,9.5,7.0,8.5,9.0,7.0,8.0,6.5
AMZN,2026-04-29,-0.085566321670396,5.4,7.6,8.0,7.0,4.5,8.3,8.8,9.3,6.9,9.1,5.8,8.3,8.7,7.5,7.5,6.7
APH,2022-07-29,-0.0296036516532582,7.8,8.2,7.5,8.5,8.0,7.0,6.5,7.2,8.1,6.8,7.3,8.0,7.9,7.6,7.1,8.3
APH,2022-10-26,0.0768113386135926,4.5,5.2,7.0,4.5,5.0,7.0,8.5,7.5,6.0,6.5,7.0,8.0,7.5,7.0,7.5,7.0
APH,2023-05-04,0.2052950325315141,6.0,5.5,6.0,5.8,4.5,7.2,8.2,7.2,6.2,6.2,6.0,7.7,7.2,7.0,6.9,7.0
APH,2023-07-26,-0.1640233907507035,3.0,6.0,4.0,6.0,4.0,7.0,8.0,7.0,5.5,5.5,5.5,7.8,7.3,6.7,6.8,7.0
APH,2023-10-24,0.3854300874172208,4.5,5.5,3.0,6.0,5.8,7.0,8.0,7.2,6.1,6.0,5.8,7.7,7.2,6.7,6.8,7.2
APH,2024-02-07,0.2815195890728305,4.5,7.0,2.0,4.0,6.0,7.0,8.0,7.5,6.0,5.5,5.0,7.5,7.0,6.5,7.0,7.5
APH,2024-04-23,0.0791656144795163,6.5,5.8,3.0,6.8,5.1,7.0,8.0,7.3,6.5,5.0,5.6,7.8,7.0,6.5,6.7,7.5
APH,2024-07-26,0.0821661867167171,4.5,6.5,4.0,5.5,5.5,6.8,7.7,7.1,6.2,5.1,5.7,7.6,7.1,6.5,6.8,7.5
APH,2024-10-26,0.0027384054290051,4.9,7.0,4.9,5.1,4.9,6.8,7.9,7.1,6.5,5.6,5.7,7.7,7.1,6.6,6.7,7.5
APH,2025-02-07,0.0942729677865448,6.4,6.6,5.4,5.7,4.5,6.8,7.8,7.1,6.6,5.2,5.7,7.6,7.0,6.5,6.6,7.4
APH,2025-04-29,0.4227819807838694,5.5,5.8,5.8,5.2,4.8,6.8,7.8,7.0,6.7,4.8,5.7,7.7,7.0,6.7,6.7,7.4
APH,2025-07-24,0.2088648461225673,4.5,7.5,8.5,6.0,4.0,6.8,8.0,7.1,6.5,5.3,6.3,7.8,7.4,7.1,6.8,7.7
APH,2025-11-04,-0.0165936053993313,7.0,7.0,9.0,4.0,3.0,7.4,8.1,7.1,6.7,5.6,6.3,7.7,7.3,7.1,6.8,7.6
APH,2026-02-11,-0.0668147343664734,3.9,6.8,8.6,4.2,4.7,7.2,8.2,7.1,6.6,5.7,6.1,7.8,7.3,6.9,6.9,7.6
APH,2026-05-04,0.1295822497567665,3.9,7.1,8.7,4.0,3.0,7.0,8.1,7.1,6.7,5.7,6.0,7.7,7.2,6.9,6.8,7.4
APP,2022-08-12,-0.2542374394282163,7.5,6.2,7.8,6.5,7.1,8.0,7.0,8.5,7.7,6.0,5.5,8.2,7.3,6.8,7.9,6.9
APP,2022-11-10,0.0106529179572492,4.0,5.5,5.2,3.5,6.0,8.0,7.8,7.0,6.0,8.5,5.0,7.5,8.0,6.5,6.0,6.0
APP,2023-05-10,0.2499992537844119,5.1,5.1,5.1,4.9,7.0,7.5,7.2,6.7,6.7,7.2,5.0,7.0,7.2,6.2,6.2,6.7
APP,2023-08-09,0.1452728344960411,6.166666666666667,4.596666666666667,7.1,1.06,2.523333333333333,7.666666666666667,7.333333333333333,6.866666666666667,6.666666666666667,7.833333333333333,5.366666666666667,7.333333333333333,7.333333333333333,6.166666666666667,6.333333333333333,6.833333333333333
APP,2024-05-08,0.0332311686515327,4.7,6.5,5.6,2.4,4.6,8.0,7.4,7.0,6.5,8.3,4.5,7.7,7.3,6.7,6.3,6.4
APP,2024-08-07,0.4171017064841978,3.3,4.79,4.7,2.64,3.41,8.0,7.5,7.0,6.75,8.25,4.5,7.63,7.38,6.5,6.38,6.25
APP,2024-11-06,0.2080336398691562,4.7,6.78,5.48,2.78,3.84,7.9,7.38,7.3,6.5,7.78,4.7,7.7,7.14,6.74,6.24,6.34
APP,2025-02-27,0.0772329773936702,4.0,6.7,4.7,2.3,4.0,7.9,7.5,7.3,6.5,7.7,5.0,7.8,7.1,6.6,6.4,6.5
APP,2025-05-07,0.1682360438176054,3.96,5.95,5.9,3.39,1.43,8.17,7.5,7.33,6.17,7.75,4.67,7.83,7.17,6.67,6.42,6.17
APP,2025-08-06,0.1963751066285498,3.0,6.8,2.6,2.6,2.1,8.1,7.6,7.4,6.4,7.8,4.7,8.1,7.2,6.8,6.6,6.2
APP,2025-11-05,-0.1157602419439462,0.76,0.8787,1.77,2.995,1.178,7.0,8.5,7.5,6.5,8.0,4.0,7.5,7.0,6.0,7.0,5.0
APP,2026-02-19,0.0792221098957286,5.234,7.585,3.772,1.899,1.616,7.25,7.75,7.25,6.136,7.771,4.5,7.857,7.143,6.571,6.714,6.071
APP,2026-05-06,0.0860892507630111,0.76,0.8787,0.77,2.995,1.178,5.0,8.5,7.5,6.0,7.0,4.0,7.5,7.0,6.0,7.0,5.0
ASML,2024-01-24,0.0481119247616207,7.5,6.8,8.2,6.5,7.1,7.8,6.2,8.5,7.0,6.9,5.5,7.3,6.7,7.9,7.6,8.0
ASML,2024-07-26,-0.075298751533928,7.0,5.1,4.9,8.0,5.1,8.5,8.0,9.0,8.5,7.5,9.5,10.0,9.0,7.0,7.0,6.0
ASML,2024-09-29,-0.0861544513298553,6.0,5.5,3.0,8.0,4.0,7.0,7.5,9.0,8.0,7.0,9.5,10.0,8.5,5.0,5.5,5.0
ASML,2025-03-30,0.1082305430540929,3.0,5.1,2.5,4.0,6.0,9.0,8.3,9.3,8.3,7.3,9.5,10.0,9.0,7.3,7.0,6.3
ASML,2025-07-17,0.2303829465206154,3.0,6.0,3.5,7.0,4.5,9.0,8.5,9.2,8.2,7.2,9.5,10.0,9.0,7.2,6.8,6.2
ASML,2025-09-28,0.0844338994107006,3.5,6.0,3.0,7.0,3.0,8.8,8.4,9.2,8.2,7.2,9.5,10.0,9.0,7.2,7.2,6.1
ASML,2025-12-31,0.1251124064696391,5.5,7.0,3.0,7.5,5.5,8.8,8.0,9.2,8.2,7.5,9.7,10.0,9.0,7.2,7.0,6.7
ASML,2026-03-29,0.2226187011690497,4.1,5.3,3.0,6.5,4.5,8.7,8.2,7.9,8.2,7.5,9.4,9.9,9.0,7.1,7.1,6.5
AVGO,2022-06-09,-0.0312452514360894,7.8,6.5,7.2,5.5,6.1,8.9,7.5,8.1,7.9,6.8,5.9,8.5,7.0,7.3,6.7,7.6
AVGO,2022-09-08,0.0255964738715289,4.0,5.0,6.0,4.0,4.5,7.5,8.0,8.5,7.0,7.0,6.0,8.5,8.0,6.5,7.0,7.5
AVGO,2023-03-08,0.1805385092973146,3.5,7.0,8.0,2.0,6.0,8.0,8.0,8.0,7.5,7.0,6.5,8.75,8.25,6.75,6.5,7.5
AVGO,2023-06-07,0.0737611472124671,4.0,5.1,6.5,4.9,6.0,7.7,8.0,7.6,7.5,7.0,6.5,8.3,7.8,6.8,6.0,7.3
AVGO,2023-09-06,0.054180394802876,3.9,6.8,7.6,2.2,7.9,7.7,8.0,7.5,7.8,7.0,5.5,8.2,7.8,6.7,5.8,7.2
AVGO,2023-12-14,0.090143004734686,3.5,7.0,6.0,3.0,7.5,8.0,8.0,7.5,8.0,7.0,5.5,8.5,8.0,6.8,5.8,7.25
AVGO,2024-03-14,0.1810339187306203,4.5,5.2,6.5,2.5,7.0,8.2,8.0,7.5,8.0,7.0,6.2,8.5,7.7,7.0,5.8,7.3
AVGO,2024-06-12,0.0579111059433573,4.5,5.8,7.2,3.5,6.5,8.1,8.0,7.3,8.2,7.0,6.3,8.5,7.8,7.0,5.8,7.3
AVGO,2024-09-11,0.073143253935396,4.5,5.5,8.0,4.0,7.5,8.5,8.0,7.5,8.5,7.0,6.5,8.5,8.0,7.0,6.0,7.5
AVGO,2024-12-20,-0.040191426066884,7.2,6.9,7.1,3.0,1.6,8.5,8.0,7.5,8.5,7.0,6.5,8.5,8.0,7.0,6.0,7.5
AVGO,2025-03-12,0.1284641002425096,4.5,6.5,8.5,4.0,7.0,8.5,8.0,7.5,8.5,7.0,7.0,8.5,8.0,7.0,6.0,7.5
AVGO,2025-06-11,0.2385540840987293,5.5,8.0,7.5,3.0,7.0,8.5,8.0,7.5,8.0,6.5,6.5,8.5,8.0,7.0,6.0,7.5
AVGO,2025-09-10,0.0679491044682389,3.5,7.2,7.8,5.0,5.0,8.5,7.8,7.7,8.3,6.7,6.8,8.6,7.8,6.8,5.8,7.4
AVGO,2025-12-18,-0.0293258657289866,5.2,7.0,8.5,3.5,4.0,8.5,8.0,7.8,8.0,6.7,6.8,8.5,7.8,6.8,6.0,7.4
AVGO,2026-03-11,0.05854571816853,5.9,5.8,7.8,3.6,4.8,8.7,8.1,7.9,8.1,6.7,7.0,8.7,7.9,7.2,6.0,7.6
AXP,2022-07-22,-0.0441796262513193,7.5,6.8,7.2,5.0,5.5,8.0,7.0,8.5,7.8,6.0,5.8,7.9,6.5,7.1,6.9,7.3
AXP,2022-10-21,0.0823658754375984,7.5,7.0,8.5,3.0,3.0,6.5,7.0,8.5,3.0,7.5,2.0,6.0,7.0,5.5,6.0,4.0
AXP,2023-04-21,0.04989104065017,4.0,4.0,8.5,5.0,4.0,6.5,7.5,8.75,3.5,8.0,2.5,6.5,7.5,5.75,6.75,4.5
AXP,2023-07-24,-0.1974097575535233,6.5,5.5,7.5,5.0,4.0,5.5,8.0,9.0,3.0,8.5,2.5,6.5,8.0,5.5,6.5,5.0
AXP,2023-10-20,0.3639946055244884,7.3,5.2,7.7,5.0,4.9,6.1,7.8,9.0,3.3,8.5,2.7,7.0,8.2,5.8,6.5,6.0
AXP,2024-02-09,0.1690974802975837,6.5,5.0,8.0,4.0,6.0,6.5,8.0,9.0,4.0,9.5,3.0,7.0,8.5,6.5,7.0,7.0
AXP,2024-04-19,0.0772302248338866,6.5,6.8,7.5,5.5,4.5,6.5,7.5,8.9,4.8,8.5,2.5,7.0,8.2,7.3,7.2,6.0
AXP,2024-07-19,0.1625420102391417,6.0,5.8,7.5,4.5,4.0,6.8,8.0,9.0,4.5,8.5,3.5,7.1,8.3,7.0,7.2,6.4
AXP,2024-10-18,0.1285926066471452,8.0,7.0,8.5,5.5,6.0,7.0,8.5,9.0,5.0,9.0,4.0,7.0,8.5,7.0,7.5,6.5
AXP,2025-02-07,-0.0407712696388374,6.5,5.5,7.0,4.5,6.0,7.5,8.5,9.5,6.0,8.5,6.0,7.0,9.0,7.5,7.5,6.5
AXP,2025-04-18,0.244599885874841,6.5,4.0,8.0,3.0,3.5,7.0,8.0,9.5,6.0,8.0,5.0,7.0,9.0,7.0,7.5,5.0
AXP,2025-07-18,0.0663481122426335,6.88,5.79,7.83,4.76,5.3,7.25,8.1,9.1,5.45,8.15,5.65,7.1,8.6,7.15,7.35,6.15
AXP,2025-10-17,0.0673610037733841,6.62,4.42,6.92,2.42,4.3,7.08,8.08,9.17,5.67,8.17,6.08,7.17,8.5,7.08,7.5,6.5
AXP,2026-02-06,-0.0878085323256482,7.38,4.02,7.88,1.76,3.44,7.25,8.2,9.3,5.9,8.28,6.1,7.25,8.65,7.1,7.65,6.5
AXP,2026-04-23,0.1593444755223833,7.51,3.71,6.18,3.42,2.58,7.38,8.11,9.33,6.08,8.33,5.75,7.58,8.5,7.33,7.5,6.25
AZN,2023-04-27,-0.0228212942542755,6.2,7.1,8.5,3.9,4.5,7.8,6.8,8.1,7.5,5.0,5.5,8.9,6.5,7.2,6.1,7.0
AZN,2023-07-28,-0.1251849679088079,5.0,5.0,7.5,5.0,5.0,8.5,7.5,8.0,7.0,6.0,4.0,9.0,7.5,7.0,6.5,8.0
AZN,2024-02-08,0.2897300355246604,3.5,5.065,7.75,3.15,0.25,8.25,7.25,7.75,7.0,6.0,4.5,8.75,7.25,7.0,6.5,7.75
AZN,2024-04-25,0.0723362418756354,3.5,0.829,0.06,1.15,0.5,8.5,7.5,7.75,7.0,6.0,4.333,8.5,7.5,7.0,6.5,8.0
AZN,2024-07-25,-0.0141271896142836,2.72,5.03,7.3,6.85,0.17,8.17,7.75,7.5,7.17,6.17,5.17,8.67,7.33,7.0,6.75,8.0
AZN,2024-11-12,0.1752639298067263,3.0,8.15,7.0,3.0,1.5,8.5,7.75,7.5,7.0,6.25,5.5,8.63,7.5,7.08,6.75,8.0
AZN,2025-02-06,-0.0423446868133935,3.76,0.824,0.114,1.23,1.23,8.13,7.5,7.65,7.13,6.35,5.75,8.5,7.63,6.85,6.75,8.0
AZN,2025-04-29,0.072974614063241,3.0,8.17,10.0,3.0,2.0,8.33,7.5,7.75,7.5,6.17,5.75,8.75,7.75,6.75,6.75,8.17
AZN,2025-07-29,0.1252269334201636,4.5,8.4,7.65,4.1,2.94,8.3,7.6,7.6,7.4,6.24,6.0,8.6,7.84,6.84,6.84,8.0
AZN,2025-11-06,0.1574335875841021,7.1,8.3,0.11,0.0,0.0,8.0,7.5,7.0,6.5,6.0,5.0,8.5,7.0,6.5,6.0,8.0
AZN,2026-02-10,-0.0296397858022205,7.1,8.3,0.11,0.0,0.0,8.0,7.5,7.0,6.5,6.0,5.0,8.5,7.0,6.5,6.0,8.0
AZN,2026-04-29,0.0740208402916932,7.6,8.24,0.14,1.33,0.71,8.5,7.75,7.7,7.3,6.17,5.5,8.67,7.67,7.0,6.83,7.92
BA,2022-07-27,-0.0249663251741401,7.5,6.0,8.0,6.5,5.5,7.0,6.2,8.5,7.8,5.0,6.8,7.2,7.0,6.0,7.3,8.2
BA,2022-10-26,0.3496301661426992,4.0,2.5,3.0,1.5,3.5,5.0,5.0,5.0,5.0,5.0,5.0,5.0,5.0,5.0,5.0,5.0
BA,2023-04-26,0.1350058162427063,1.23,5.0,5.0,1.23,5.0,5.6,5.4,7.5,6.0,6.5,7.0,7.0,8.0,5.0,4.0,6.0
BA,2023-07-26,-0.2577690807613024,3.0,6.0,7.0,3.5,4.5,6.5,6.0,8.0,7.0,6.0,7.0,7.5,8.5,6.5,5.0,6.5
BA,2023-10-25,0.1109049369363543,1.0,4.5,7.5,1.0,4.0,6.8,5.3,8.2,7.2,5.0,6.7,7.7,8.8,6.4,4.5,6.0
BA,2024-01-31,-0.202330909097704,2.5,6.8,7.2,1.0,4.5,6.8,5.9,8.3,7.5,5.2,6.8,7.8,8.7,6.7,5.3,6.5
BA,2024-04-24,0.0972031009924356,2.1,3.9,7.5,1.1,7.2,6.7,4.4,8.2,7.3,4.0,6.7,7.4,8.5,6.5,5.0,5.3
BA,2024-07-31,-0.1402086386810247,1.5,4.0,7.0,1.0,3.0,6.5,4.0,7.5,7.0,4.0,6.5,7.0,8.5,6.0,4.0,5.0
BA,2024-10-23,0.1080606343823781,1.0,5.5,5.5,3.0,0.992,6.0,3.0,7.5,7.0,3.5,6.0,6.5,8.0,6.0,3.0,4.0
BA,2025-02-03,0.0434832490011223,3.0,5.5,5.7,2.0,0.6,6.5,3.5,7.8,6.8,4.0,6.5,7.0,8.3,6.3,3.7,4.5
BA,2025-04-23,0.2924567537817047,3.0,4.5,3.0,3.5,5.0,7.0,4.0,7.5,7.0,4.0,6.0,7.0,8.0,6.5,5.5,3.0
BA,2025-07-29,-0.0069039234944763,3.0,4.5,3.0,3.5,5.0,7.0,4.0,7.5,7.0,4.0,6.0,7.0,8.0,6.5,5.5,3.0
BA,2025-10-29,0.0769648035306051,2.9,4.3,5.5,1.9,4.8,6.3,4.1,8.1,6.9,4.4,6.7,7.3,8.2,6.4,3.8,4.1
BA,2026-01-30,-0.0097622612556867,3.0,4.5,3.0,3.5,5.0,7.0,4.0,7.5,7.0,4.0,6.0,7.0,8.0,6.5,5.5,3.0
BA,2026-04-22,-0.0081579023826126,4.0,4.0,6.4,2.0,3.0,6.0,4.0,8.0,7.0,4.0,6.4,7.1,8.1,6.5,4.0,4.0
BAC,2022-07-29,0.0590658317789088,6.7,7.2,8.1,5.3,5.8,6.5,7.5,7.8,6.9,5.9,6.2,7.0,7.3,7.1,6.8,7.4
BAC,2022-10-28,-0.0079947332187168,2.5,3.5,6.5,5.0,5.0,7.0,7.5,8.5,4.0,7.5,5.0,7.0,8.0,7.0,6.5,3.0
BAC,2023-05-01,0.100341632467383,3.5,3.0,7.0,7.5,2.0,7.5,7.8,8.8,4.5,6.5,5.0,7.0,8.0,7.3,6.5,4.0
BAC,2023-07-31,-0.2597970451535846,6.5,4.0,8.5,5.5,3.5,7.0,7.8,8.7,3.3,6.9,5.3,7.0,8.0,7.3,6.7,4.6
BAC,2023-10-31,0.2450856043104421,6.5,4.0,7.5,5.0,3.5,6.2,7.7,8.7,3.0,7.2,4.5,7.0,8.2,7.3,7.0,5.1
BAC,2024-02-20,0.1853405751213648,5.0,5.1,7.0,5.0,4.9,7.0,8.0,9.0,3.0,7.0,4.0,7.0,8.0,7.0,7.0,4.0
BAC,2024-04-30,0.1158980012824413,4.0,4.2,7.0,5.2,3.0,7.2,7.7,8.8,3.5,7.5,4.5,7.0,8.2,7.0,7.3,4.5
BAC,2024-07-30,0.0480769745437322,3.5,3.8,7.0,5.0,2.5,6.7,7.6,8.8,3.0,7.5,3.9,5.5,8.1,7.0,7.0,3.8
BAC,2024-10-29,0.1106555634404264,3.5,4.0,7.5,6.0,3.0,6.5,7.7,8.8,3.5,7.7,4.0,6.0,8.2,7.0,7.0,5.5
BAC,2025-02-25,0.0210282337627299,3.5,4.8,6.2,5.2,2.5,6.5,7.4,8.8,3.2,7.6,4.5,6.5,8.1,7.0,7.0,5.8
BAC,2025-04-30,0.2385950599312159,3.5,6.0,6.0,5.5,3.0,6.5,7.8,8.8,3.2,7.8,5.2,6.5,8.2,7.0,7.0,6.2
BAC,2025-07-31,0.1349424477043974,3.5,5.0,5.5,5.0,4.0,7.0,7.5,8.8,3.0,7.8,4.5,7.0,8.1,7.0,7.0,6.0
BAC,2025-10-31,0.0066847332769035,3.5,4.0,5.5,7.0,3.5,6.7,7.7,8.7,3.5,7.7,4.7,6.5,8.1,7.0,7.0,6.0
BAC,2026-02-25,0.0007951115178308,3.1,4.1,6.5,3.5,3.5,6.8,7.8,8.9,3.1,7.9,4.1,6.5,8.3,7.0,7.0,5.3
BAC,2026-05-01,0.189921023790684,4.0,4.0,6.0,5.0,4.0,6.8,7.8,8.8,3.0,7.8,4.0,6.5,8.3,7.0,7.0,5.4
BKNG,2022-08-03,-0.0146156102975225,6.5,7.0,7.5,6.0,6.8,7.2,6.9,7.1,6.7,5.5,6.2,7.0,6.3,6.6,6.4,5.8
BKNG,2022-11-03,0.2817738775472955,2.5,5.0,8.5,3.0,7.5,6.0,7.0,8.0,5.5,6.5,4.5,7.0,8.0,5.5,6.5,5.0
BKNG,2023-04-27,0.1414189025081627,6.7,4.1,7.4,7.0,5.0,6.5,8.0,8.75,5.75,7.5,5.75,7.25,8.0,6.25,7.0,5.5
BKNG,2023-08-03,-0.0134230777194,4.0,3.5,7.5,3.0,5.5,6.8,8.3,9.0,5.8,8.0,5.0,7.2,7.8,6.3,7.0,4.5
BKNG,2023-11-03,0.302807958446914,3.0,3.0,7.0,1.0,6.0,7.0,8.0,9.0,6.0,8.0,5.0,7.0,7.5,6.5,7.0,4.0
BKNG,2024-02-22,-0.0053186914173166,3.5,3.8,7.2,2.0,5.5,7.0,8.2,9.0,6.0,8.1,5.0,7.1,7.5,6.3,7.0,4.6
BKNG,2024-05-04,-0.0440680097107607,4.5,4.8,7.7,4.0,7.0,7.2,8.3,9.2,5.7,8.2,5.0,7.2,7.7,6.4,7.0,4.5
BKNG,2024-07-27,0.1435312938542508,4.6,4.2,7.2,2.5,7.8,7.0,8.3,9.1,5.9,8.2,5.1,7.1,7.7,6.3,7.0,4.5
BKNG,2024-10-26,0.078984236562242,5.1,5.0,7.7,4.9,5.8,7.1,8.3,9.1,5.6,8.3,4.3,7.1,7.5,6.5,7.0,4.4
BKNG,2025-02-20,0.0479499704691843,4.5,3.0,7.8,3.5,6.0,7.3,8.3,9.2,5.5,8.3,4.0,7.1,7.5,6.5,7.0,4.2
BKNG,2025-05-06,0.0974478879179644,4.1,4.2,7.5,2.0,8.0,7.2,8.5,9.3,5.5,8.7,4.5,7.4,7.6,6.5,7.0,4.5
BKNG,2025-07-23,-0.0827082143784084,6.29,5.48,6.88,3.21,7.06,7.0,8.25,9.13,5.13,8.5,4.5,7.5,7.75,6.38,7.0,4.13
BKNG,2026-02-18,-0.0436862568868986,6.42,6.51,7.13,3.04,7.45,7.1,8.25,9.15,4.2,8.6,4.5,7.6,7.75,6.5,7.0,5.15
BKNG,2026-04-28,0.0736755441217301,4.18,6.43,7.11,1.34,3.45,7.33,7.83,9.17,4.5,8.5,4.25,7.67,7.67,6.75,7.17,5.04
BLK,2020-11-05,0.0982651865282913,8.5,7.2,8.8,6.5,7.0,9.0,7.5,8.0,8.2,7.8,6.8,9.1,7.3,8.1,7.6,7.9
BLK,2021-05-06,0.0407078016144328,5.0,5.0,7.0,5.0,4.0,8.0,9.0,9.0,7.0,7.0,6.0,8.5,7.5,7.0,7.0,5.0
BLK,2021-08-05,0.0964866649244186,6.5,6.0,7.0,7.0,6.0,7.8,8.5,8.8,6.5,7.0,6.3,8.0,7.5,7.0,7.0,5.5
BLK,2021-11-05,-0.1715125856872859,0.045,0.684,0.244,0.434,0.567,7.5,8.0,9.0,6.0,7.0,5.0,8.5,7.0,6.5,6.0,4.0
BLK,2022-02-25,-0.0796400756197266,8.1,8.5,0.18,0.01,0.06,6.5,8.5,9.0,7.0,8.0,7.5,8.5,8.5,7.5,7.0,6.0
BLK,2022-05-06,0.0894458075651562,7.65,4.85,0.208,0.197,2.133,7.167,8.5,9.167,6.667,7.467,6.167,8.0,7.667,7.167,7.0,5.0
BLK,2022-08-05,-0.0433458212200371,7.54,3.85,0.213,0.197,1.03,7.0,8.5,9.17,6.67,7.83,5.75,8.17,7.83,7.0,6.83,5.25
BLK,2022-11-02,0.1316290898715102,7.15,0.702,0.18,0.21,0.06,8.0,9.0,9.0,7.0,7.0,6.0,8.5,7.5,7.0,7.0,5.0
BLK,2023-02-24,-0.0222193908858672,3.5,5.2,6.5,6.8,4.5,7.5,8.5,9.0,6.5,7.5,5.5,8.0,7.8,7.0,6.5,5.2
BLK,2023-05-02,0.1310075129000246,7.73,6.29,3.18,2.59,5.56,7.15,8.15,8.88,6.65,7.35,6.0,7.93,7.65,7.0,6.78,5.7
BLK,2023-08-04,-0.1071251027635062,2.309,6.594,0.0,0.1587,0.5882,7.5,8.0,9.0,6.0,7.0,2.0,8.5,8.0,7.0,6.5,5.0
BLK,2023-11-02,0.2644746789699476,7.5,6.1,5.7,5.0,5.1,7.1,8.5,8.8,6.5,7.5,5.3,8.0,7.7,7.0,6.7,5.5
BLK,2024-02-23,-0.0331210658898666,7.15,0.702,0.18,0.21,0.06,8.0,9.0,9.0,7.0,7.0,6.0,8.5,7.5,7.0,7.0,5.0
BLK,2024-05-07,0.1165196611364132,4.5,5.2,3.5,7.4,4.1,7.4,8.5,8.8,6.5,7.3,5.4,8.1,7.7,7.1,6.7,6.1
BLK,2024-07-25,0.2356247272485609,4.3,6.4,3.5,7.1,4.5,7.4,8.7,8.9,6.7,7.3,5.2,8.2,7.7,7.0,6.7,5.8
BLK,2024-10-24,0.0574069256063259,6.43,8.48,1.14,0.24,1.52,7.0,8.0,9.0,6.0,7.0,6.0,8.0,8.5,7.0,6.5,5.0
BLK,2025-02-25,0.0311172625914455,6.43,0.3561,0.1143,0.3004,0.164,6.5,8.0,9.0,5.0,7.0,4.0,7.5,8.0,7.0,6.0,5.0
BLK,2025-04-30,0.2366615054327679,7.15,0.702,0.18,0.21,0.06,8.0,9.0,9.0,7.0,7.0,6.0,8.5,7.5,7.0,7.0,5.0
BLK,2025-07-31,0.0034966378928019,7.5,4.73,0.04,0.25,1.52,7.5,8.5,9.0,6.0,7.0,4.0,7.5,7.0,6.5,5.5,5.0
BLK,2025-11-05,-0.0020596413921157,7.33,6.33,0.06,0.19,1.13,7.38,8.58,8.75,6.5,7.42,5.42,8.0,8.08,7.17,6.67,6.0
BLK,2026-02-25,-0.0041569860467567,7.15,0.702,0.18,0.21,0.06,8.0,9.0,9.0,7.0,7.0,6.0,8.5,7.5,7.0,7.0,5.0
BLK,2026-03-31,0.026284199944568,6.43,0.849,0.114,0.247,1.524,8.0,9.0,9.5,6.0,7.0,4.0,8.5,8.0,7.0,6.5,5.0
BRK-B,2022-07-26,0.0153732468009197,7.5,6.0,7.0,5.0,5.5,8.0,6.5,7.0,8.5,5.0,6.0,8.0,7.5,6.0,5.5,7.0
BRK-B,2022-11-02,0.0879848591983126,8.5,9.0,7.0,7.5,9.5,6.0,9.5,9.0,7.0,5.0,7.0,6.5,8.0,9.0,7.5,8.0
BRK-B,2023-05-03,0.2113537856460336,7.95,5.5,7.6665,7.875,4.945,7.25,9.25,9.25,6.5,4.5,6.0,6.75,8.0,9.0,7.0,7.75
BRK-B,2023-10-26,0.2809995008762547,6.73,5.32,7.76,4.83,5.74,7.0,9.17,9.17,6.0,4.33,7.33,6.75,8.0,9.0,7.0,7.33
BRK-B,2024-02-24,-0.0061052871445334,5.6,4.7,7.47,0.46,0.55,7.35,9.17,9.25,6.5,4.52,7.25,6.67,7.83,9.0,7.0,7.2
BRK-B,2024-05-07,0.08700474946371,5.775,4.181,3.03,4.041,4.756,7.0,9.125,9.375,6.125,4.5,6.875,6.625,7.875,8.5,6.625,7.25
BRK-B,2024-08-01,0.0887176372760999,7.5,7.0,7.0,7.5,9.5,6.0,9.0,9.5,6.5,5.0,6.0,7.0,7.5,7.0,6.0,7.0
BRK-B,2024-10-26,0.0553927645502947,7.7,5.0,7.5,7.1,8.5,6.8,9.3,9.3,6.3,4.5,7.1,6.6,8.0,9.0,6.8,7.3
BRK-B,2025-05-07,-0.2061946090014375,4.9,5.5,7.5,6.5,8.5,6.6,9.0,9.3,4.7,4.3,6.7,6.7,7.8,8.8,7.0,7.2
BRK-B,2025-07-29,0.0487901461551687,4.5,4.5,5.5,8.5,8.0,6.0,9.0,9.5,4.5,4.0,6.5,6.0,7.8,8.8,6.7,7.0
BRK-B,2025-10-23,-0.0384592858808559,5.36,5.42,6.03,6.98,6.52,7.04,8.95,9.35,5.28,3.45,6.83,6.58,7.82,8.69,6.82,6.93
BRK-B,2026-02-28,-0.036954225491325,3.94,2.21,4.18,4.78,5.48,6.48,8.83,9.25,5.5,4.33,6.67,6.54,7.92,8.58,6.83,7.08
BRK-B,2026-05-07,0.2006521302653668,5.1,4.8,5.7,6.8,7.5,6.3,9.1,9.4,4.8,3.5,7.1,6.5,8.1,8.7,6.7,6.7
C,2022-08-03,-0.0871428888878904,6.5,7.0,7.5,6.0,5.5,8.0,6.8,8.5,7.8,7.2,6.2,8.8,7.1,7.9,6.9,7.3
C,2022-11-04,0.1354874689219764,9.7,6.31,5.11,1.37,1.15,6.0,7.0,8.0,3.0,7.0,4.0,7.0,7.0,6.0,6.0,5.0
C,2023-05-05,0.0048842308970652,3.5,3.0,6.5,5.0,6.0,6.5,5.0,5.0,5.0,5.0,3.5,5.0,7.5,6.5,6.5,7.5
C,2023-08-04,-0.1130009061953761,7.0,3.0,8.5,6.0,8.0,7.0,7.0,8.5,4.0,7.0,4.0,7.5,7.5,6.5,6.5,7.0
C,2023-11-03,0.3330373519670096,4.5,3.0,6.0,5.0,5.5,6.5,6.5,8.0,3.0,7.0,4.0,7.0,7.5,6.5,6.0,6.0
C,2024-02-23,0.1627550651344366,4.0,4.5,6.5,5.0,7.0,6.0,6.5,7.5,2.5,7.0,4.0,7.0,7.5,6.5,6.5,7.0
C,2024-05-03,-0.0330219797181425,4.0,5.5,5.5,5.0,6.0,6.0,6.5,7.5,2.5,6.5,2.5,6.5,7.5,6.5,6.5,6.5
C,2024-08-02,0.0940190348864037,3.0,5.5,5.3,5.5,7.5,6.2,6.5,8.1,2.5,6.8,2.5,6.7,7.3,6.5,6.2,5.8
C,2024-11-07,0.213920096175609,4.0,7.5,6.0,5.5,7.0,6.0,7.0,8.0,2.5,7.0,2.5,6.5,7.5,6.5,6.0,7.0
C,2025-02-21,-0.0246210603901731,4.9,7.8,6.5,6.8,7.8,6.1,7.2,8.2,3.1,7.1,3.8,6.7,7.6,6.6,6.2,7.2
C,2025-05-08,0.287172678820569,4.5,4.0,7.0,6.5,7.5,6.5,6.0,8.5,3.0,7.0,3.0,6.5,7.5,6.5,6.5,7.5
C,2025-07-08,0.1699810092348298,3.9,6.3,5.6,5.2,6.1,6.7,6.8,7.6,3.3,6.9,4.0,6.5,7.5,6.6,6.6,6.9
C,2025-11-06,0.1901384940145005,6.4,6.4,6.7,7.2,6.7,6.7,7.0,8.3,4.0,7.2,4.3,6.8,7.6,6.7,6.7,7.3
C,2026-02-20,0.0722238264772994,4.5,6.0,5.5,6.0,5.0,6.5,7.0,8.0,3.5,7.0,4.0,6.5,7.5,6.5,6.5,7.0
C,2026-05-07,0.1373764860734348,5.4,5.4,5.8,7.0,6.3,6.9,6.9,8.2,4.0,7.4,5.0,7.0,7.9,6.7,6.7,7.3
CAT,2022-08-03,0.140758399861459,7.5,6.8,8.2,7.1,6.5,7.9,7.0,8.5,7.2,6.1,5.5,7.7,6.9,7.3,6.7,7.6
CAT,2022-11-02,0.1632038681494104,5.0,5.0,5.0,5.0,4.0,7.5,8.0,8.5,6.0,5.5,7.0,7.0,7.5,6.5,7.0,8.0
CAT,2023-05-03,0.2212088688462158,6.715,5.0,7.8225,3.619,3.144,7.5,8.0,8.5,6.25,5.25,7.0,7.5,8.0,6.75,7.25,8.0
CAT,2023-08-02,-0.2255178052377451,6.0,6.0,8.0,4.0,4.0,5.0,8.0,8.5,5.0,3.0,6.5,7.5,8.0,6.5,6.0,7.5
CAT,2023-11-01,0.3310245176191456,7.8,7.5,8.5,4.0,4.2,6.5,8.0,8.5,5.5,4.5,7.0,7.5,7.8,6.7,6.5,7.5
CAT,2024-02-16,0.1105220655250629,7.0,5.5,7.5,3.0,2.5,7.0,8.0,8.5,5.5,4.5,7.0,7.5,8.0,6.5,6.5,7.5
CAT,2024-05-01,0.013075321996273,7.61,5.61,7.7,3.19,0.21,6.75,7.5,8.67,5.5,4.33,6.75,7.5,7.67,6.67,6.5,6.75
CAT,2024-08-07,0.1768808923896548,7.35,6.5,7.15,2.1,0.4,7.25,8.0,8.83,6.17,4.33,6.67,7.83,7.83,6.83,7.0,7.0
CAT,2024-11-06,-0.1232632418356031,6.0,6.75,6.75,5.5,4.75,7.25,7.88,8.63,6.13,4.38,6.88,7.81,7.88,6.75,6.81,6.88
CAT,2025-02-14,0.0159373993208142,6.5,6.1,5.2,4.5,4.8,7.2,7.8,8.7,6.1,4.3,7.0,7.8,8.0,6.7,6.9,7.0
CAT,2025-05-07,0.3164493909552741,4.5,7.0,4.5,7.8,8.2,8.5,8.0,9.0,6.5,5.0,7.5,8.2,7.0,7.5,7.0,6.0
CAT,2025-08-06,0.1903268911922907,7.01,6.37,3.91,2.54,0.25,7.75,7.5,8.75,6.13,4.5,6.88,7.75,7.75,6.88,6.75,6.5
CAT,2025-11-03,0.1606694618751664,7.11,5.23,4.33,3.81,1.36,7.58,7.58,8.5,5.75,4.5,6.75,7.75,7.58,6.83,6.83,6.42
CAT,2026-02-13,0.0991777359138597,6.17,6.48,4.73,2.23,0.42,7.33,7.67,8.67,5.75,4.17,6.83,7.75,7.5,6.83,6.75,6.5
CAT,2026-05-06,0.0468174474708819,6.14,5.68,4.3,4.04,4.44,7.54,7.6,8.75,6.08,4.2,6.85,7.75,7.5,7.04,6.85,6.75
CBA.AX,2022-02-09,0.0677604702795275,7.5,7.0,8.0,6.5,6.0,8.5,7.0,8.0,7.5,6.5,5.0,7.0,6.0,7.0,6.5,5.5
CBA.AX,2022-08-10,0.0693451107527992,5.0,5.0,5.1,7.0,5.0,7.0,8.0,9.0,2.0,7.0,1.0,7.0,8.0,7.0,7.0,2.0
CBA.AX,2023-02-15,-0.042338879569808,6.5,5.0,4.0,6.0,5.0,7.0,7.5,8.5,4.0,7.0,3.0,7.0,7.5,7.0,7.0,3.5
CBA.AX,2023-06-30,0.0501122896822599,8.5,8.2,7.0,5.0,5.0,7.0,7.3,8.3,3.6,6.7,2.6,7.0,7.7,7.0,7.0,2.6
CBA.AX,2024-02-14,0.1361537218063069,7.8,7.5,7.0,4.5,5.0,7.0,7.0,8.0,4.6,7.1,4.5,7.0,8.0,7.0,7.0,3.6
CBA.AX,2024-08-14,0.1845607699386968,5.1,5.1,5.1,5.1,5.1,5.1,5.1,7.0,3.0,5.1,5.1,5.1,7.0,5.1,5.1,3.0
CBA.AX,2025-02-12,0.0430993415994175,4.0,4.0,4.0,6.0,8.0,7.0,5.5,8.0,4.0,6.5,6.5,7.0,8.0,7.0,7.0,3.0
CBA.AX,2025-08-13,0.0678403547728728,4.5,4.5,6.2,7.5,8.5,7.0,6.7,8.0,4.0,6.5,6.5,7.0,8.0,7.0,7.0,4.0
CBA.AX,2026-02-11,-0.0611643559923567,6.5,7.0,5.8,5.5,8.0,7.0,7.0,8.0,3.8,6.5,5.0,7.0,8.0,7.0,7.0,3.4
COST,2022-06-01,0.1303632465392695,7.8,8.1,8.5,7.2,6.5,7.5,8.0,8.8,7.9,6.8,7.0,8.2,7.6,8.3,7.7,8.6
COST,2022-12-29,0.1010665168009882,4.0,5.0,7.0,5.0,5.0,5.0,8.0,7.5,3.0,4.0,7.0,4.5,7.0,6.0,6.5,3.5
COST,2023-03-08,0.0785323748452919,3.5,5.5,5.8,5.5,5.0,6.25,8.25,7.75,3.0,5.5,6.0,4.25,7.25,6.0,6.5,2.75
COST,2023-05-31,0.118452800365443,6.3,5.5,7.0,5.7,5.0,6.7,9.3,8.0,3.5,6.0,6.5,4.0,7.5,6.5,6.8,3.5
COST,2023-10-10,0.2611199764466868,5.1,5.0,5.5,6.0,5.2,6.5,8.8,8.1,3.7,6.0,6.0,4.0,7.7,7.0,6.8,4.5
COST,2023-12-20,0.1607760464841549,6.5,6.5,6.5,6.5,6.5,6.0,9.0,8.5,3.5,6.0,5.0,4.0,7.5,7.0,7.0,4.0
COST,2024-03-13,0.2595917054464715,4.5,5.5,6.5,7.0,5.5,5.0,9.5,9.0,3.0,4.0,4.0,4.0,7.5,7.0,7.0,4.0
COST,2024-06-05,0.0824744119904535,4.5,7.0,7.5,8.0,5.0,6.5,9.0,9.0,3.0,4.0,3.0,3.0,7.5,7.0,7.0,4.0
COST,2024-10-08,0.0683467733266853,5.6,5.1,5.8,6.1,5.3,6.2,8.7,8.8,3.0,5.0,5.1,3.5,7.7,7.1,6.7,4.6
COST,2024-12-18,-0.0501416649383447,6.5,5.5,7.5,6.0,5.0,6.5,9.0,9.0,3.0,5.0,4.0,4.0,7.5,7.5,7.0,4.0
COST,2025-03-12,0.076831216776736,7.0,6.0,7.5,7.0,4.0,6.5,8.8,8.9,3.0,5.0,4.2,3.8,7.6,7.2,6.8,4.2
COST,2025-06-04,-0.1344273351493745,6.5,5.5,7.0,6.0,4.0,5.5,8.5,8.5,3.0,4.0,4.0,3.0,7.5,7.0,6.5,3.0
COST,2025-10-07,-0.0402261923778727,7.23,7.67,7.81,6.38,5.6,6.18,8.77,8.56,3.18,5.36,3.64,3.45,7.64,7.0,6.82,4.36
COST,2025-12-17,0.1586408674347157,7.1,6.8,7.5,7.8,5.5,6.1,8.7,8.8,3.1,5.7,4.5,3.8,7.7,7.2,6.8,4.5
COST,2026-03-11,-0.0027421075429569,6.64,7.58,7.08,7.04,6.34,6.4,8.65,8.75,3.0,5.33,4.08,3.67,7.67,7.08,7.0,5.08
CRM,2022-08-25,-0.0591638197392121,7.5,8.0,8.5,4.0,6.0,9.0,7.0,7.0,8.5,6.5,5.5,9.0,7.5,6.0,7.0,8.0
CRM,2022-11-30,0.099615059176743,2.0,8.0,8.5,6.0,5.5,7.0,8.0,8.5,5.0,8.0,2.0,7.5,8.0,6.0,6.5,7.0
CRM,2023-05-31,-0.0270900140261433,2.5,5.5,7.0,5.5,5.0,7.25,8.0,8.75,5.75,8.25,3.5,7.75,8.5,6.5,6.75,6.5
CRM,2023-08-30,0.0879345728558694,3.0,5.8,7.0,5.5,4.0,7.3,7.7,8.5,6.0,8.0,3.0,7.7,8.5,6.7,6.7,6.7
CRM,2023-11-29,0.2732226987146676,3.5,7.7,7.2,7.0,5.0,8.5,7.8,8.9,6.2,8.5,4.5,8.1,8.8,7.0,7.0,6.8
CRM,2024-03-06,-0.1115573284309853,4.5,7.4,7.7,5.5,5.2,7.5,7.5,8.8,6.0,8.5,4.0,7.9,8.7,6.7,7.0,6.0
CRM,2024-05-29,-0.0060860915785781,4.0,7.6,7.7,7.0,5.0,7.6,7.7,8.7,6.4,8.5,3.8,8.0,8.5,7.3,7.0,6.5
CRM,2024-08-28,0.2735159872698414,5.8,7.5,7.0,6.5,6.0,7.5,7.5,8.5,6.0,8.0,4.0,8.0,8.5,7.0,7.0,7.0
CRM,2024-12-03,-0.0950212565550443,7.0,0.75,1.1,0.16,0.6,8.5,7.5,9.0,7.0,8.0,5.0,8.5,9.0,7.0,7.5,7.0
CRM,2025-03-05,-0.0528580291597423,3.2,7.63,1.1,0.57,0.98,8.5,7.5,9.0,6.5,9.0,5.0,8.5,9.0,7.5,7.5,7.0
CRM,2025-05-28,-0.0884588830269045,7.4,7.5,0.11,0.16,0.61,8.5,7.5,9.0,7.0,8.0,5.0,8.5,9.0,7.0,7.5,7.0
CRM,2025-09-03,-0.0558698558152378,7.21,0.77,0.09,0.14,0.5,7.5,8.0,8.5,6.5,9.0,5.0,8.0,8.5,7.0,7.5,6.0
CRM,2025-12-03,-0.0887389933598474,6.23,7.73,1.12,0.43,0.73,8.06,7.64,8.71,6.21,8.54,4.43,8.14,8.86,7.36,7.14,6.57
CRM,2026-03-02,0.059476690091366,4.5,7.8,6.9,6.9,5.6,8.3,7.7,8.8,6.5,8.8,4.3,8.3,8.8,7.3,7.2,6.6
CRM,2026-05-06,-0.0505663396709032,5.23,7.88,7.06,6.31,5.69,8.33,7.75,9.08,6.42,8.75,4.58,8.5,8.75,7.5,7.17,7.0
CSCO,2022-11-22,0.0364710241476838,7.8,7.5,8.2,6.5,7.2,8.0,7.0,8.5,7.9,6.8,7.1,8.3,7.7,8.1,7.6,7.3
CSCO,2023-02-21,-0.0074815395003774,5.0,5.0,6.0,5.0,4.0,7.0,8.0,8.0,7.0,7.0,4.0,7.5,8.0,6.5,6.0,5.0
CSCO,2023-05-24,0.212388294440375,6.75,5.15,7.55,5.0,4.5,7.25,7.75,8.25,7.0,7.25,5.25,7.75,8.25,6.75,6.0,5.0
CSCO,2023-09-07,-0.1639743865016083,7.5,7.0,8.0,6.0,6.5,7.0,7.5,8.0,7.0,7.0,5.0,7.5,7.0,6.5,6.5,5.5
CSCO,2023-11-21,0.0457784950231792,7.23,6.05,5.75,6.71,1.11,7.38,7.88,8.38,7.0,7.0,5.25,7.75,7.5,7.42,6.75,5.17
CSCO,2024-02-20,-0.0197537792717961,6.5,6.4,7.0,8.0,4.0,7.7,8.0,8.5,7.0,7.6,5.5,8.0,8.2,7.4,6.7,6.0
CSCO,2024-05-21,0.0961289795863396,4.33,6.35,1.05,0.19,0.81,7.4,7.75,8.13,6.5,7.5,5.0,7.5,8.13,7.13,6.5,5.08
CSCO,2024-11-19,0.2138585186380809,6.8,6.43,4.95,7.24,5.56,7.3,7.6,8.25,6.2,7.4,4.6,7.5,7.9,7.0,6.5,4.45
CSCO,2025-02-18,0.007169073104836,5.1,7.1,4.5,7.5,3.1,7.3,7.8,8.4,6.5,7.8,4.8,7.7,8.0,7.5,6.6,5.2
CSCO,2025-05-20,0.0867234590975737,5.8,7.4,5.0,6.4,5.3,7.3,7.8,8.5,6.5,7.3,4.6,7.7,7.8,7.1,6.5,5.0
CSCO,2025-09-03,0.1601673897600729,6.0,6.37,0.95,0.62,0.43,7.38,7.7,8.44,6.63,7.31,4.69,7.56,7.81,7.19,6.5,4.69
CSCO,2025-11-18,0.0265937685692965,6.3,6.41,4.2,4.8,0.4,7.2,7.7,8.5,6.4,7.4,4.6,7.7,7.9,7.5,6.6,5.0
CSCO,2026-02-17,0.3118926589672111,6.42,6.46,0.45,0.36,0.41,7.54,7.54,8.38,6.75,7.5,5.08,7.83,7.75,7.17,6.75,6.17
CSCO,2026-05-19,-0.0190249440462221,7.05,6.44,0.52,0.41,0.33,7.58,7.75,8.5,6.75,7.83,5.08,7.83,8.17,7.75,6.75,5.5
CVX,2022-08-04,0.1493652662540712,8.5,7.2,9.1,4.5,6.0,8.8,7.5,9.0,8.0,7.0,6.5,8.2,7.8,8.9,7.3,6.8
CVX,2022-11-03,-0.0449968531343479,7.5,6.8,7.2,6.5,7.0,5.5,6.0,7.8,6.2,5.0,7.1,6.9,7.7,6.3,5.8,7.3
CVX,2023-05-04,0.0417423138444573,6.5,5.5,7.5,6.0,5.8,7.5,8.0,7.0,6.0,5.0,7.0,8.5,7.0,6.5,6.0,6.0
CVX,2023-08-03,-0.0896127390289008,4.5,3.0,7.5,5.0,5.0,7.5,8.0,7.0,6.0,5.0,7.0,8.5,7.0,6.5,6.0,6.0
CVX,2023-11-02,0.0509214623692243,6.5,4.5,3.5,7.0,4.0,8.5,8.25,7.25,6.0,4.0,7.0,7.75,7.0,6.5,6.0,6.5
CVX,2024-02-26,0.0567097931872232,6.1,3.5,2.0,5.8,4.0,8.0,8.3,7.2,6.0,4.0,7.0,7.8,7.0,6.5,6.0,6.7
CVX,2024-05-02,-0.0758377545084095,3.9,3.8,3.7,5.0,2.8,7.9,8.1,7.7,7.1,4.5,6.7,7.7,6.7,6.8,6.2,5.8
CVX,2024-08-07,0.1274300585695024,7.15,5.5,4.25,7.25,4.8,6.6,7.75,7.45,5.4,3.75,7.15,7.3,5.75,6.75,6.1,5.75
CVX,2024-11-07,-0.0141230750522974,5.9,5.3,2.5,5.8,2.3,7.0,8.0,7.5,5.0,4.0,7.0,7.0,5.7,6.5,6.3,5.0
CVX,2025-02-21,-0.0846592605813023,3.5,4.5,2.0,6.5,3.0,7.0,8.2,7.5,5.5,3.0,7.0,7.2,5.5,6.2,6.3,5.0
CVX,2025-05-08,0.1810583326352352,4.0,4.5,3.5,6.0,4.0,7.5,8.0,7.5,5.5,3.5,7.0,7.0,5.5,6.5,6.0,4.0
CVX,2025-08-07,0.0165785782175275,3.5,3.0,2.5,7.0,3.0,7.0,8.0,7.5,4.5,3.0,7.0,7.0,5.5,6.5,6.0,5.5
CVX,2025-11-06,0.2043621321845384,4.0,4.8,3.5,5.2,4.5,7.5,7.8,7.8,5.2,3.5,6.8,7.0,6.0,6.5,5.5,5.8
CVX,2026-02-24,0.013775191331023,5.09,5.0,5.0,6.0,5.65,6.0,7.8,7.6,5.0,3.8,6.7,6.9,5.7,6.3,5.6,5.8
CVX,2026-05-07,-0.101092521933612,6.65,0.39,0.08,0.3,0.8,6.5,8.1,7.9,5.2,3.8,6.9,7.5,6.4,6.7,6.3,5.5
DIS,2022-08-10,-0.0766786939020982,7.5,6.8,8.2,7.1,6.5,7.9,7.0,8.5,7.8,6.2,5.5,7.7,8.0,6.9,7.3,6.7
DIS,2023-05-10,-0.0769344258739831,3.0,3.0,7.5,5.0,3.0,7.5,5.0,5.0,5.0,7.5,5.0,7.0,5.0,7.0,5.0,5.0
DIS,2023-08-09,-0.0268538248503327,4.0,3.0,7.5,6.0,4.5,7.0,8.0,9.5,8.0,8.5,6.5,7.5,9.0,7.5,6.8,5.0
DIS,2023-11-21,0.1200605482703607,3.5,4.0,6.0,5.0,4.0,7.5,7.0,9.5,8.0,8.0,6.0,7.5,8.5,7.0,6.5,5.0
DIS,2024-02-07,0.0544797966590687,4.0,3.8,6.4,5.1,5.1,7.8,7.1,9.5,8.3,7.7,6.2,7.3,8.7,7.1,6.4,5.1
DIS,2024-05-07,-0.2243079580118653,3.2,4.5,7.5,5.2,5.8,7.8,7.5,9.5,8.3,7.8,6.3,7.3,8.5,7.0,6.6,6.1
DIS,2024-08-07,0.1804017669800963,3.5,4.0,5.5,5.0,4.0,7.6,7.7,9.5,8.3,7.5,6.2,7.2,8.4,7.0,6.5,6.1
DIS,2024-11-14,0.0278903063964476,4.0,4.5,6.8,5.0,4.8,7.8,7.3,9.7,8.4,7.7,6.3,7.4,8.6,7.1,6.6,6.4
DIS,2025-02-05,-0.027031250148308,4.1,3.95,7.47,4.9,4.4,7.75,8.0,9.5,8.5,7.65,6.5,7.4,8.25,7.35,6.5,6.15
DIS,2025-05-07,0.1343637912849977,4.1,4.0,3.4,5.1,3.9,7.5,7.9,9.5,8.3,7.5,6.1,7.3,8.3,7.2,6.4,5.6
DIS,2025-08-06,-0.0470237627400124,5.59,4.16,5.42,4.84,3.35,7.58,7.83,9.5,8.42,7.42,6.25,7.33,8.25,7.17,6.33,6.42
DIS,2025-11-13,-0.002066379989655,4.5,3.5,7.2,5.8,7.5,8.0,7.0,9.5,8.5,6.0,6.5,7.0,8.5,7.0,6.0,5.0
DIS,2026-02-02,-0.0226453692688505,4.5,3.5,7.1,6.5,7.5,8.0,8.5,9.5,9.0,8.0,7.5,7.0,8.5,8.0,7.0,6.0
DIS,2026-05-06,-0.1161702290033592,4.5,3.5,4.0,6.0,7.0,8.0,8.5,9.5,9.0,6.5,7.0,8.0,7.5,8.5,6.0,7.0
GE,2022-07-26,0.030484783401596,6.5,7.0,7.5,6.0,5.5,8.0,7.0,8.5,7.5,6.5,7.0,8.0,7.5,8.0,7.0,7.0
GE,2022-10-25,0.3110061558257779,2.0,6.5,5.5,5.0,5.5,7.0,7.5,8.5,6.5,5.0,5.0,7.5,8.0,6.0,6.5,7.0
GE,2023-04-25,0.1690782045044863,3.5,6.5,5.5,6.0,4.0,7.25,6.75,7.75,5.75,6.0,5.25,7.75,7.75,6.25,6.25,7.0
GE,2023-07-25,-0.1146038240181768,4.0,5.5,7.0,5.8,4.5,7.2,7.1,7.9,5.7,6.0,5.0,7.8,7.6,6.2,6.3,7.0
GE,2023-10-24,0.1751174864408465,4.5,4.8,7.8,6.2,4.2,7.6,7.1,8.1,6.4,6.2,5.5,7.8,7.8,6.5,6.4,7.0
GE,2024-02-02,0.3273274893212495,3.5,6.0,7.7,5.5,4.5,7.9,7.2,7.9,6.6,6.2,5.3,8.1,8.0,6.5,6.7,6.8
GE,2024-04-23,0.0091236899866122,3.8,4.35,0.158,0.553,0.4475,7.625,7.375,8.0,6.5,5.75,5.625,8.125,7.5,6.75,6.375,6.625
GE,2024-07-23,0.1156401533057368,3.35,7.025,0.15175,0.76425,0.3225,7.625,7.25,8.0,6.625,5.75,6.0,8.25,7.575,6.75,6.4375,6.5
GE,2024-10-22,0.1207475665424073,2.3,3.0,6.4,3.0,2.5,7.5,7.1,7.8,6.8,5.8,5.7,8.2,7.5,6.8,6.3,6.5
GE,2025-02-03,0.0282161277493651,3.52,3.25,0.12,0.73,0.33,7.6,7.33,8.1,6.83,6.0,6.0,8.25,7.67,6.83,6.33,6.5
GE,2025-04-22,0.3758722433713193,3.6,1.7,0.17,1.06,0.45,7.0,7.5,8.0,6.5,5.0,6.0,8.5,7.0,7.0,5.5,6.0
GE,2025-07-21,0.1660657001554151,4.0,5.0,7.0,5.0,4.0,7.5,7.0,8.0,7.0,6.0,6.0,8.0,7.5,7.0,6.0,6.0
GE,2025-10-21,-0.0195021765112475,5.6,5.5,7.8,5.1,4.0,7.7,7.1,8.1,6.8,6.2,6.5,8.3,7.7,7.0,6.3,6.2
GE,2026-01-29,-0.0064022815688958,4.0,5.0,6.5,6.0,4.0,7.7,7.4,8.0,6.8,7.0,6.6,8.3,7.8,7.0,6.5,6.1
GE,2026-04-21,0.2652926476883262,4.0,4.0,7.0,5.0,4.0,8.0,7.5,8.5,7.0,6.5,7.0,8.5,8.0,7.5,7.0,6.0
GEV,2024-04-30,0.085741081940435,7.8,8.5,8.2,6.5,7.1,7.5,8.0,7.9,7.2,6.8,7.0,7.6,7.3,8.1,7.7,6.9
GEV,2024-07-24,0.3206207515407951,3.0,4.0,7.0,8.0,2.0,7.0,7.5,8.0,6.5,7.0,7.0,8.0,7.5,6.0,7.0,7.5
GEV,2024-10-23,0.2375812518129701,7.5,7.1,5.5,5.2,5.7,5.0,5.0,5.0,4.9,5.0,4.9,6.2,5.0,5.0,5.2,5.0
GEV,2025-02-06,0.0398772757398891,4.0,4.0,5.5,7.5,5.0,7.0,7.0,7.8,5.8,5.0,6.3,7.8,6.8,5.5,6.5,7.0
GEV,2025-04-23,0.3773217460596,3.5,4.2,5.8,9.0,4.0,7.5,6.8,7.5,6.0,5.0,6.5,7.5,6.5,6.0,6.5,6.5
GEV,2025-07-23,-0.0342972719782173,4.5,6.0,7.5,9.0,6.5,7.0,7.0,7.8,6.5,5.5,6.5,7.8,7.0,6.0,6.5,6.8
GEV,2025-10-22,0.075707886022236,4.0,6.9,6.7,8.0,5.1,7.5,7.0,7.8,6.0,5.9,7.0,7.8,6.7,5.7,6.5,7.0
GEV,2026-01-29,0.2233392992891172,4.5,7.0,7.5,8.0,6.0,7.5,7.0,8.0,6.5,6.0,7.0,8.5,7.0,6.5,6.5,7.5
GEV,2026-04-22,0.0090416984790081,5.5,7.5,7.0,9.5,8.5,8.0,7.5,8.0,7.0,6.0,7.0,8.5,7.5,7.0,6.5,6.0
GOOG,2022-07-26,-0.0073392809753704,6.5,7.0,8.0,7.5,7.0,6.0,6.5,7.0,5.5,5.0,4.5,6.0,5.5,6.0,5.0,5.5
GOOG,2022-10-25,-0.0188408902896487,5.0,5.0,6.0,5.0,5.0,8.0,9.0,9.5,7.5,9.5,6.0,9.0,9.0,8.5,7.0,7.0
GOOG,2023-04-25,0.1972156268252154,4.0,7.5,7.5,5.0,5.5,5.0,6.0,5.0,4.0,4.0,5.0,4.0,5.0,4.0,5.0,4.0
GOOG,2023-07-25,0.1290925138100838,4.9,5.5,6.5,5.1,7.0,9.0,8.5,9.5,7.5,9.2,6.1,9.1,9.0,8.0,7.2,6.0
GOOG,2023-10-24,0.0892819387073501,3.8,6.2,7.0,7.8,6.5,9.5,9.3,9.8,7.8,9.8,6.5,9.3,9.3,8.3,7.3,7.3
GOOG,2024-01-30,0.0628333087590129,7.8,7.6,8.2,6.5,7.2,8.7,8.8,9.6,7.7,9.7,6.5,9.1,9.0,7.8,7.2,7.2
GOOG,2024-04-25,0.064842591203679,7.0,7.5,7.5,8.0,7.5,9.0,8.5,9.5,7.8,9.5,6.5,9.2,8.8,7.6,7.2,7.0
GOOG,2024-07-23,-0.092381534623774,7.72,7.72,7.25,7.02,6.95,9.0,8.75,9.5,8.0,9.55,6.75,9.3,8.85,7.95,7.15,7.15
GOOG,2024-10-29,0.1492291595762608,7.4,7.8,7.6,7.4,7.9,8.8,8.5,9.4,8.0,9.7,6.8,9.4,8.7,7.7,7.0,7.3
GOOG,2025-02-04,-0.1348639097191014,8.8,8.5,7.8,7.5,7.5,9.0,8.8,9.5,8.5,9.8,7.0,9.3,8.5,7.8,7.3,7.5
GOOG,2025-04-24,0.1774388731194916,8.1,7.3,7.3,6.8,7.8,8.9,8.4,9.4,7.9,9.7,6.7,9.2,8.6,7.7,7.0,7.1
GOOG,2025-07-23,0.2579737822158953,7.85,7.49,7.39,7.08,7.86,8.9,8.4,9.34,8.16,9.7,6.84,9.14,8.58,7.84,7.16,7.14
GOOG,2025-10-29,0.2020121669211903,7.9,8.0,8.0,9.0,9.5,9.0,8.0,9.5,7.5,9.5,7.0,9.0,8.5,8.0,7.0,6.0
GOOG,2026-02-04,0.1379534125125125,7.75,7.5,7.5,4.0,2.0,8.75,8.5,9.5,8.0,9.6,6.75,9.15,8.5,7.75,7.0,7.0
GOOG,2026-04-29,0.0355534755018867,6.5,6.2,7.0,7.5,7.0,9.0,8.5,9.5,7.8,9.7,6.8,9.3,8.7,8.0,7.0,6.7
GOOGL,2022-07-26,-0.0077290616183894,7.5,6.8,7.2,4.2,5.5,8.1,6.5,8.5,7.8,6.2,5.8,7.0,6.0,7.3,6.7,5.9
GOOGL,2022-10-25,-0.0270269303229597,4.0,5.0,6.5,6.0,7.0,8.0,8.5,9.0,7.5,9.5,7.0,9.0,8.5,8.0,7.0,7.0
GOOGL,2023-04-25,0.2010340576424824,3.53,4.43,6.85,5.11,5.56,5.0,5.0,5.0,5.0,5.0,5.0,5.0,5.25,5.0,5.12,5.0
GOOGL,2023-07-25,0.1235433247664255,3.0,5.5,6.5,5.5,5.0,7.0,8.5,9.0,7.5,9.5,6.5,9.0,8.75,7.67,7.17,7.17
GOOGL,2023-10-24,0.087692546248609,3.5,5.5,6.0,7.0,4.0,8.0,8.8,9.3,7.7,9.5,6.5,9.0,8.8,7.8,7.2,7.2
GOOGL,2024-01-30,0.0614882772869688,4.5,6.0,7.0,7.0,4.0,8.0,9.0,9.5,7.75,9.75,6.75,9.0,8.75,7.87,7.12,7.12
GOOGL,2024-04-25,0.0659420238563276,4.0,5.1,6.5,8.0,7.5,8.8,8.8,9.5,7.8,9.8,6.5,9.5,9.0,7.8,7.0,7.0
GOOGL,2024-07-23,-0.0938637466306343,4.5,5.2,7.0,9.5,7.0,8.8,8.9,9.5,7.7,9.6,6.4,8.9,8.8,8.0,7.2,7.1
GOOGL,2024-10-29,0.1468648547133885,6.5,7.0,8.5,8.0,8.5,8.8,9.0,9.5,7.9,9.5,6.8,9.0,8.8,8.1,7.3,7.3
GOOGL,2025-02-04,-0.1377001127522307,5.6,7.2,7.6,8.8,7.0,8.5,8.8,9.4,7.7,9.6,6.5,9.0,8.8,8.0,7.2,7.1
GOOGL,2025-04-24,0.1822420285637143,7.14,7.34,8.22,8.17,7.68,8.63,8.75,9.42,7.75,9.58,6.25,9.17,8.75,7.75,7.17,7.17
GOOGL,2025-07-23,0.2561808450614766,5.8,7.0,7.8,9.5,8.2,8.8,8.7,9.5,7.7,9.5,6.5,9.0,8.9,8.0,7.0,6.6
GOOGL,2025-10-29,0.1998932768801658,7.55,7.15,1.09,9.5,8.8,8.61,8.68,9.5,7.58,9.58,6.5,9.0,8.79,7.75,7.08,7.04
GOOGL,2026-02-04,0.1413056177177952,5.89,6.63,7.39,8.99,8.19,8.81,8.95,9.44,7.72,9.64,6.57,9.04,8.94,7.96,7.19,7.28
GOOGL,2026-04-29,0.0382961565056299,7.9,6.0,8.0,9.0,8.5,9.0,8.0,9.5,7.0,9.0,7.5,9.0,8.5,7.0,6.5,7.0
GS,2022-08-03,0.0545482448163748,7.5,6.8,7.2,5.0,5.5,8.0,6.5,7.0,7.8,6.0,5.8,8.2,7.1,6.9,7.3,7.7
GS,2022-11-02,0.0707559094313804,7.08,3.2,0.77,2.0,0.89,8.0,9.0,9.5,6.0,7.5,8.5,8.0,9.0,8.5,7.0,8.0
GS,2023-05-03,0.095588329656648,7.06,3.72,0.79,2.02,0.54,7.5,8.5,9.25,4.5,6.75,6.25,7.5,8.0,8.25,7.0,6.5
GS,2023-08-02,-0.1617016300935991,4.8,2.8,3.1,3.5,3.1,7.333,8.5,9.167,5.0,7.0,5.75,7.333,8.333,8.167,7.0,6.833
GS,2023-11-03,0.2299800659388232,4.03,1.72,0.87,1.43,0.4,7.33,8.5,9.38,4.75,7.17,6.38,7.33,8.33,8.17,7.0,6.5
GS,2024-02-22,0.2223921630004995,4.95,4.6,0.84,0.54,0.55,7.5,8.5,9.25,4.5,7.0,6.5,7.5,8.0,8.25,7.0,6.375
GS,2024-05-02,0.103801039918005,5.3,4.4,4.7,3.2,5.4,7.4,8.2,9.3,4.0,5.6,6.2,7.4,7.8,8.3,7.0,5.6
GS,2024-08-01,0.0584912343487468,4.65,4.65,6.25,5.65,6.45,7.5,8.25,9.25,3.75,6.0,6.25,7.35,7.85,8.35,7.0,5.5
GS,2024-11-01,0.1680932600712858,7.4,3.89,6.18,2.66,5.84,7.5,8.08,9.17,3.6,5.92,6.33,7.33,8.17,7.83,6.75,5.0
GS,2025-02-26,0.0093037670886518,6.85,0.7,0.94,2.0,0.35,7.75,8.5,9.17,3.5,6.75,6.75,7.33,8.17,8.25,7.0,5.42
GS,2025-05-02,0.2745983528458608,4.336,0.853,0.948,0.55,0.279,7.0,8.5,9.0,6.0,7.5,5.0,7.0,8.0,8.0,7.0,6.5
GS,2025-08-01,0.1306381055937458,5.86,0.3688,0.75,1.98,0.6209,7.6,8.33,9.0,3.6,6.25,6.4,7.33,8.17,7.92,6.83,5.33
GS,2025-10-31,0.1751044501955846,6.48,5.38,8.63,4.83,5.08,7.57,8.14,9.29,3.64,6.57,5.93,7.29,8.21,8.14,6.79,5.36
GS,2026-02-25,0.0745926133916685,6.0,0.355,0.15,2.16,0.488,7.0,8.5,9.0,5.0,6.0,7.0,7.5,8.5,8.0,7.0,6.5
GS,2026-05-01,0.1234648233866854,7.08,3.2,0.77,0.54,0.74,7.0,8.5,9.0,3.0,7.5,5.0,7.0,8.0,8.0,7.0,6.5
HD,2022-08-22,0.0176846031983597,7.5,7.0,8.0,6.5,7.0,8.5,7.0,8.0,7.5,6.0,5.5,8.0,7.0,6.5,7.5,7.0
HD,2022-11-21,-0.0462914477449371,8.5,5.0,6.5,4.0,3.0,7.0,7.5,8.5,3.0,6.0,5.0,7.0,8.0,6.5,7.0,2.0
HD,2023-05-22,0.1680359296644144,7.5,5.1,6.0,3.0,4.0,5.5,5.0,8.25,3.0,5.5,4.25,6.5,7.5,6.5,7.0,2.0
HD,2023-08-21,-0.0509041733698555,7.0,5.1,3.0,4.0,3.0,7.0,8.0,8.5,3.0,6.0,6.0,6.5,8.0,6.75,7.25,3.0
HD,2023-11-20,0.264430402197145,4.5,4.8,3.0,1.5,2.0,7.0,7.8,8.5,3.0,5.5,5.0,6.7,8.0,6.8,7.3,3.5
HD,2024-03-13,-0.0947871663647257,4.0,4.5,3.5,2.0,3.0,7.0,8.0,9.0,3.0,5.0,5.0,5.5,8.0,6.5,7.0,4.0
HD,2024-05-20,0.1064166899850712,4.0,5.5,3.0,3.0,3.0,6.0,7.0,8.5,3.0,4.0,3.0,5.5,7.5,6.5,7.0,4.0
HD,2024-08-19,0.1769336852307335,4.0,5.1,2.0,1.0,1.5,6.5,7.8,8.7,3.2,4.5,3.5,5.8,7.6,6.5,7.0,5.5
HD,2024-11-18,-0.031900287300898,5.5,5.3,4.5,3.0,3.0,6.2,8.2,8.8,3.0,4.1,3.5,5.7,7.7,6.5,6.9,4.5
HD,2025-03-20,-0.0020436532572619,4.5,5.0,3.0,3.0,4.0,7.0,7.5,8.5,3.0,5.0,4.0,6.0,7.5,6.5,7.0,5.0
HD,2025-05-27,0.1305981532669904,3.5,6.5,3.0,2.5,4.0,6.5,7.5,8.5,3.0,4.0,3.0,6.0,7.5,6.5,7.0,4.0
HD,2025-08-25,-0.2040770305368417,4.5,5.0,3.0,1.0,1.0,6.0,8.0,8.8,3.0,5.5,3.5,5.8,7.5,6.5,7.0,5.0
HD,2025-11-24,0.1375690672088586,3.0,5.5,3.0,3.0,3.0,6.5,8.0,9.0,3.0,5.5,4.0,6.0,7.5,6.5,7.0,5.5
HD,2026-03-18,0.006113791954996,4.5,5.2,3.0,2.5,3.0,6.8,8.2,8.8,3.5,5.4,4.2,6.5,7.8,6.7,7.2,5.8
HD,2026-05-26,0.319810945668624,3.1,5.1,3.0,2.5,4.1,6.5,8.2,8.8,4.1,5.6,5.2,6.3,7.6,7.1,7.3,6.0
HSBC,2023-05-02,0.1490392630961813,7.5,6.8,7.2,6.0,5.5,8.0,7.0,8.5,7.8,6.5,7.1,8.2,7.3,7.9,6.7,7.6
HSBC,2023-08-01,-0.1796665269759582,3.5,5.0,8.0,5.0,5.0,7.5,8.0,8.5,5.0,7.0,6.5,6.0,8.0,6.5,7.0,7.5
HSBC,2023-10-30,0.1476136549525229,7.5,6.0,8.0,5.0,5.0,7.2,7.5,8.25,5.5,7.0,7.25,6.5,7.5,6.25,7.0,7.25
HSBC,2024-02-21,0.3839415056211606,8.5,6.0,8.0,5.0,5.0,7.0,7.5,8.0,3.0,7.0,6.0,6.5,7.5,6.0,6.5,7.5
HSBC,2024-04-30,0.1131969821012014,6.8,5.6,7.1,5.0,5.0,6.6,7.7,7.8,3.3,6.8,6.6,6.7,7.0,6.4,6.8,7.6
HSBC,2024-07-31,0.0491049172593981,7.5,5.5,6.5,5.0,5.0,6.0,8.0,8.0,3.0,6.5,7.0,6.5,7.5,6.5,6.5,7.0
HSBC,2024-10-29,0.2268045406037293,6.0,4.5,7.5,5.5,8.0,6.5,7.5,8.0,3.0,6.5,6.5,6.5,7.0,6.5,6.5,6.0
HSBC,2025-02-19,0.0748808760074667,7.9,4.5,7.2,7.5,8.5,7.1,7.5,8.1,3.4,7.1,6.9,6.8,7.5,6.8,6.7,6.6
HSBC,2025-04-29,0.0992328174674409,7.5,4.0,6.5,7.0,8.5,7.5,7.0,8.5,3.0,7.5,7.0,7.0,8.0,7.0,7.0,7.0
HSBC,2025-07-30,0.1733757734300438,7.3,4.5,6.7,7.8,9.0,7.0,7.6,8.1,3.0,6.8,7.2,6.7,7.5,6.9,6.8,6.3
HSBC,2025-10-28,0.3036611828334143,7.7,4.7,6.5,7.9,9.0,7.2,7.7,8.3,3.5,7.1,7.3,7.0,7.7,7.1,6.8,6.5
HSBC,2026-02-25,0.0391341406785798,7.7,3.5,4.8,7.6,8.8,7.2,7.4,8.2,3.6,6.7,7.1,6.7,7.7,6.8,6.9,6.2
HSBC,2026-05-05,0.1485782692370147,7.1,3.8,5.3,7.6,8.7,6.8,7.4,8.5,3.6,6.8,7.2,7.0,7.7,6.9,6.8,6.6
IBM,2022-07-26,0.0581819009049985,6.5,7.0,8.2,6.0,5.5,7.5,6.8,7.8,7.2,5.0,6.3,8.5,7.1,6.9,7.6,8.0
IBM,2022-10-24,0.0951931390730138,7.83,5.34,9.26,2.59,0.237,7.0,7.0,9.0,8.0,7.0,6.0,8.0,8.0,7.0,7.0,7.0
IBM,2023-05-03,0.2935437666671565,7.415,5.27,5.0965,2.41,0.275,7.25,7.5,8.75,7.5,7.0,6.0,8.0,8.25,7.25,6.75,7.0
IBM,2023-07-26,-0.018313088699697,6.5,5.1,5.4,4.5,5.9,7.4,7.5,8.7,7.3,7.2,6.0,8.0,8.2,7.2,6.7,7.2
IBM,2023-10-30,0.2947416247149848,7.03,5.37,3.02,1.98,0.36,7.17,7.83,8.5,7.2,7.17,5.67,7.83,8.0,7.25,6.5,7.17
IBM,2024-02-26,-0.0608479727586488,7.83,5.4,4.5,2.57,0.37,7.25,7.75,8.63,7.17,7.08,5.33,7.88,7.83,7.17,6.33,7.0
IBM,2024-05-01,0.2357266779005504,7.38,5.31,0.04,2.54,0.38,7.9,7.75,8.5,7.15,7.15,4.5,8.0,8.15,7.25,6.4,7.0
IBM,2024-07-24,0.3415462780957445,6.2,5.33,0.14,2.76,0.44,7.9,7.7,8.5,7.0,7.1,5.3,8.1,8.1,7.3,6.5,7.1
IBM,2024-10-30,0.1904233301280218,7.5,5.68,0.017,2.32,0.41,7.0,8.0,9.0,7.0,6.5,5.0,7.5,8.5,8.0,6.0,7.0
IBM,2025-02-25,0.0308379250189452,5.0,6.5,3.5,3.5,4.0,8.5,7.8,8.6,7.0,7.0,4.5,8.1,8.1,7.5,6.5,7.1
IBM,2025-05-01,0.0568815248035926,5.49,5.41,2.45,2.51,0.51,7.88,7.75,8.63,7.0,7.25,5.75,8.0,8.13,7.5,6.44,7.0
IBM,2025-07-24,0.119484406809229,4.49,5.63,4.8,2.25,1.06,7.0,7.5,8.0,7.0,7.0,6.0,8.5,7.5,7.0,6.5,7.0
IBM,2025-10-26,-0.0488296351830082,6.4,5.54,0.018,2.52,0.508,7.75,7.75,8.75,7.15,7.4,5.75,8.15,8.35,7.35,6.5,7.15
IBM,2026-02-24,0.0721768069049008,6.21,5.53,0.04,2.53,0.49,7.88,7.67,8.67,7.17,7.33,6.0,8.17,8.17,7.33,6.5,7.17
IBM,2026-04-24,0.1491475541494102,6.1,5.63,0.02,2.31,0.53,8.01,7.67,8.75,7.17,7.58,6.08,8.17,8.25,7.42,6.67,7.17
INTC,2022-07-28,-0.2301447032487023,7.5,8.0,8.5,6.0,7.0,7.8,7.2,8.8,7.6,6.5,7.0,8.2,7.4,6.8,7.9,7.1
INTC,2022-10-27,0.0619218421219985,4.0,5.0,3.5,5.5,5.8,8.5,7.0,8.0,7.5,7.0,6.0,8.5,7.0,7.5,6.5,7.0
INTC,2023-04-27,0.1376040809019683,3.6,6.5,2.9,4.0,4.0,8.25,7.25,8.25,7.25,7.0,6.5,8.75,7.25,7.25,6.5,7.0
INTC,2023-07-27,-0.0232961307357015,3.0,4.5,2.0,3.5,3.0,7.8,5.1,7.8,7.8,6.5,5.7,8.8,7.2,7.0,5.7,6.5
INTC,2023-10-26,0.1847462408724718,6.5,6.2,4.2,4.0,5.5,7.8,5.8,7.9,7.6,6.5,6.0,8.6,7.1,7.0,5.5,6.5
INTC,2024-01-25,-0.1853756086250097,4.0,5.1,4.0,4.5,4.0,7.5,5.5,7.8,7.8,6.3,6.0,8.7,7.2,7.0,5.5,6.2
INTC,2024-04-25,-0.0662204505232751,3.5,4.0,3.0,5.0,7.5,9.0,6.5,8.0,8.5,7.0,7.0,9.0,7.5,8.0,6.0,7.0
INTC,2024-08-01,-0.063459766760911,3.0,5.0,4.0,6.0,6.0,8.5,6.0,7.5,8.5,6.0,6.5,9.0,7.5,7.5,5.5,6.5
INTC,2024-10-31,-0.0395388778945568,2.0,4.5,3.0,5.0,6.5,8.5,6.0,7.5,8.0,6.5,6.5,8.5,7.5,7.0,5.5,6.0
INTC,2025-01-31,0.0429271394713416,2.0,3.5,3.5,5.0,5.0,8.0,6.0,7.5,8.0,6.5,6.5,8.5,7.5,7.0,5.5,6.0
INTC,2025-04-24,-0.0054798739260218,3.1,3.8,3.7,5.0,1.5,8.5,5.6,7.6,7.8,6.7,6.5,8.7,7.7,7.0,5.5,6.2
INTC,2025-07-24,0.1977038478361267,4.5,4.0,3.5,5.0,4.5,8.5,5.5,7.5,7.5,6.5,6.5,8.5,7.5,7.0,5.5,6.0
INTC,2025-11-06,0.1285367524568615,3.0,3.5,5.0,5.0,5.5,8.5,4.5,7.5,7.5,6.5,6.0,8.5,7.5,7.0,5.5,5.5
INTC,2026-01-22,0.0933107781989628,3.8,4.0,5.15,5.25,5.15,7.96,5.75,7.5,7.38,6.25,5.75,8.3,7.38,6.88,5.5,5.67
INTC,2026-04-23,0.2152762206477911,2.6,3.48,0.98,0.37,1.18,8.5,6.0,7.5,8.0,7.0,6.5,7.5,8.0,7.0,5.5,6.0
INTU,2022-11-29,0.0466872909139066,7.5,6.8,7.9,6.2,7.1,8.1,6.5,7.2,7.7,5.0,6.0,8.5,7.0,6.7,7.3,6.9
INTU,2023-02-23,0.0191238393329413,1.5,3.0,8.5,4.0,4.0,7.5,8.0,9.0,6.0,7.0,3.0,8.5,9.0,7.0,6.5,8.0
INTU,2023-05-23,0.100959988371974,2.27,6.42,0.247,0.576,0.677,8.5,7.5,8.5,6.25,7.25,2.5,7.75,8.5,7.0,6.25,8.5
INTU,2023-09-01,0.0547838933401062,3.0,6.0,6.5,5.0,6.0,7.83,7.67,8.67,6.83,7.67,3.67,7.83,8.67,7.0,6.83,8.33
INTU,2024-02-22,0.0290653786851498,3.5,7.0,7.0,7.0,6.0,8.2,7.5,8.5,6.7,7.7,4.0,8.1,8.5,7.0,6.7,8.0
INTU,2024-05-23,-0.0350850475673908,3.0,7.5,7.5,6.0,6.0,8.5,7.5,9.0,7.0,8.0,5.0,8.5,8.5,7.0,7.0,8.5
INTU,2024-09-04,0.0284524009028239,3.5,7.5,7.0,7.0,6.5,8.3,7.5,8.7,7.0,7.8,4.5,8.3,8.6,7.0,6.8,8.3
INTU,2024-11-21,-0.1829339728911636,3.0,7.5,7.5,7.5,6.5,8.5,7.5,8.5,7.0,8.0,5.0,8.5,8.5,7.5,7.0,7.5
INTU,2025-02-25,0.1774870198160802,4.5,7.5,7.0,6.0,5.5,8.8,7.8,8.8,7.1,8.0,4.5,8.5,8.7,7.3,6.8,8.2
INTU,2025-05-22,0.0059272568313869,3.1,7.3,7.1,4.2,4.5,8.2,7.7,8.7,7.1,7.7,4.5,8.5,8.6,7.3,6.8,7.7
INTU,2025-09-03,-0.0479194088228066,5.5,8.0,7.5,7.0,5.0,8.5,7.5,8.8,7.0,8.0,4.5,8.8,8.8,7.5,6.8,7.8
INTU,2026-02-26,-0.0704949360266607,3.5,8.0,7.0,6.5,6.5,8.5,7.5,8.8,7.2,8.0,4.0,8.6,8.5,7.3,6.8,7.8
INTU,2026-05-20,-0.1968265142644405,2.77,7.65,7.69,3.63,6.29,8.38,7.75,8.75,7.13,8.06,4.63,8.5,8.69,7.19,6.75,8.13
ISRG,2022-07-22,0.012815606269165,7.5,8.0,7.0,6.5,7.0,8.5,7.0,7.5,8.0,6.0,6.5,8.5,7.0,7.5,6.0,5.5
ISRG,2022-10-21,0.1260271458958444,5.0,5.0,6.0,5.0,7.0,9.0,8.5,9.0,8.0,9.0,7.5,9.5,9.0,8.0,7.5,8.5
ISRG,2023-04-20,0.1639159034038222,7.5,5.5,7.0,4.0,4.5,6.0,6.0,6.5,5.0,6.0,5.0,6.5,6.5,6.0,5.0,6.0
ISRG,2023-07-21,-0.1651443926553422,4.0,6.0,8.0,4.0,7.0,7.5,8.2,9.0,7.0,8.7,6.0,9.1,9.0,7.5,7.0,7.1
ISRG,2023-10-20,0.2838273305503878,5.5,5.2,7.5,4.5,6.0,7.0,7.8,9.0,7.3,8.5,6.0,9.2,9.0,7.4,7.0,7.5
ISRG,2024-01-31,-0.0134434902371077,6.0,6.0,7.0,5.5,6.5,7.5,8.0,9.0,7.5,8.5,6.0,9.0,9.0,7.5,7.0,7.5
ISRG,2024-04-19,0.2134279455182627,7.5,6.0,8.0,5.5,7.0,8.0,7.5,9.0,8.0,8.0,6.0,9.0,8.5,7.5,7.0,7.5
ISRG,2024-07-19,0.0527457402258793,6.5,7.0,8.0,7.5,7.0,8.0,8.0,9.5,7.5,8.5,6.0,9.0,9.0,7.5,7.0,7.5
ISRG,2024-10-18,0.1464415402335943,6.5,8.0,8.5,6.0,7.5,8.5,8.0,9.0,8.0,8.5,6.0,9.0,9.0,7.5,7.0,8.0
ISRG,2025-01-31,-0.0250309172439935,8.0,8.5,9.0,7.0,7.5,8.5,8.0,9.5,8.0,8.5,6.0,9.5,9.0,7.5,7.0,8.0
ISRG,2025-04-23,0.0089043206679365,5.0,6.0,8.0,6.0,7.5,8.5,7.5,9.0,8.0,8.0,6.0,9.0,8.5,7.5,7.0,7.5
ISRG,2025-07-23,-0.0667699274121946,7.0,7.3,8.5,8.8,5.0,8.8,8.0,9.0,8.3,8.7,6.5,9.3,9.0,7.7,7.1,8.1
ISRG,2025-10-22,0.0020711200796065,5.87,7.38,8.71,8.55,7.48,8.35,7.91,9.0,7.67,8.38,5.08,9.21,8.87,7.56,7.1,7.67
ISRG,2026-02-03,-0.044201062157325,7.7,7.3,8.5,9.0,4.5,8.5,7.9,9.0,7.7,8.5,5.0,9.3,8.9,7.5,7.0,7.7
ISRG,2026-04-22,-0.1111004428295309,8.5,6.6,8.5,10.0,9.0,9.0,8.5,9.5,9.0,7.5,7.0,9.5,9.0,8.0,7.5,7.0
JNJ,2022-07-29,-0.0035302349053274,6.5,7.0,7.5,8.0,6.0,7.0,6.8,8.2,7.8,5.0,6.2,7.9,8.5,7.1,6.9,7.7
JNJ,2022-10-27,-0.0274204052638542,4.0,5.0,5.1,4.9,5.0,7.5,8.0,9.0,7.0,6.5,6.0,7.5,8.5,7.0,7.0,8.0
JNJ,2023-04-28,0.1186145008976697,7.2,5.1,4.2,4.8,5.2,5.0,5.0,5.0,5.0,5.0,4.0,6.0,5.0,5.0,5.0,5.0
JNJ,2023-07-31,-0.2168644201355968,6.5,5.1,5.5,3.5,5.3,7.1,5.0,5.0,7.0,6.7,5.3,7.8,8.3,7.1,7.0,7.5
JNJ,2023-10-27,0.2008435986248266,6.5,5.5,7.5,6.0,4.5,7.2,8.0,9.0,7.2,6.2,4.5,8.0,8.0,7.0,6.3,8.0
JNJ,2024-02-16,-0.0146219057144478,7.1,5.0,7.8,6.5,4.2,7.1,7.7,9.0,7.4,6.2,4.5,8.1,8.1,7.1,6.1,7.7
JNJ,2024-05-01,0.1048893452953251,7.5,7.0,8.0,6.0,5.0,7.5,7.5,9.0,7.0,6.0,4.0,8.0,8.0,7.0,6.0,7.5
JNJ,2024-07-25,0.0866740078866833,5.7,5.5,6.0,5.6,5.0,7.2,7.8,8.8,7.1,5.6,5.0,8.0,8.1,7.1,6.5,7.5
JNJ,2024-10-23,-0.1812240494069069,6.47,6.83,4.01,6.76,4.63,7.25,7.75,8.8,7.45,5.75,4.5,8.13,7.88,7.0,6.38,7.5
JNJ,2025-02-13,-0.0324915926396109,4.5,7.0,6.5,5.8,4.5,7.5,7.8,9.0,7.5,5.5,4.8,8.2,7.8,7.0,6.3,7.3
JNJ,2025-04-23,0.1272290938688567,6.36,6.78,3.21,4.35,0.77,7.8,7.87,9.14,7.57,6.21,4.71,8.14,7.71,7.5,6.5,7.43
JNJ,2025-07-24,0.269685653338457,7.5,6.8,4.0,1.0,0.5,7.7,7.8,9.1,7.5,6.1,5.4,8.1,7.7,7.6,6.6,7.5
JNJ,2025-10-22,0.2084194089942391,0.07,0.71,0.04,0.73,0.98,7.75,7.83,9.17,7.58,5.58,4.75,8.17,7.67,7.33,6.58,7.58
JNJ,2026-02-11,-0.0523779774068755,0.502,0.696,0.068,0.578,0.365,7.0,8.0,8.5,7.5,6.0,5.0,8.0,7.5,7.0,6.5,8.0
JNJ,2026-04-22,0.2204917259265562,7.2,6.8,5.5,7.0,7.8,9.0,8.5,9.5,8.0,7.5,6.0,8.8,8.0,9.0,7.5,8.5
JPM,2022-08-03,0.110713950348908,7.2,6.5,7.8,6.1,5.5,7.0,6.8,7.5,6.9,5.9,6.3,7.1,6.7,7.3,6.6,6.0
JPM,2022-11-03,0.1478367005643177,3.5,5.0,3.0,5.0,5.0,6.5,7.0,8.5,5.0,6.5,5.0,6.5,7.5,7.0,7.0,7.0
JPM,2023-05-03,0.2196159439870981,3.5,5.0,6.0,5.0,5.2,6.5,8.0,9.0,4.0,6.5,4.5,6.75,8.25,7.0,7.25,7.0
JPM,2023-08-03,-0.1718767933464428,3.5,5.3,7.0,4.0,6.0,6.5,8.0,9.0,4.0,7.0,5.0,7.0,8.0,7.0,7.0,7.5
JPM,2023-11-01,0.4920316648564843,3.0,5.0,7.0,6.0,7.0,6.5,7.5,9.0,4.0,6.5,6.0,7.0,7.5,6.5,7.0,7.5
JPM,2024-02-16,0.1900048886631483,3.0,5.2,7.3,6.5,7.7,6.5,7.5,9.0,4.75,6.5,6.0,6.75,7.5,6.75,6.75,7.5
JPM,2024-05-01,0.1084929759970345,3.6,5.1,7.3,5.1,8.1,6.4,7.5,9.0,4.2,6.8,4.2,6.8,7.6,6.5,7.0,6.5
JPM,2024-08-02,0.1374482585940347,2.6,5.6,7.4,3.9,7.8,6.4,7.7,9.0,4.0,6.6,5.0,6.8,8.1,6.8,7.2,7.1
JPM,2024-10-30,0.1648085972737011,4.7,5.6,7.7,4.0,7.7,6.2,7.8,9.0,4.2,6.8,5.8,6.8,8.1,6.8,7.2,7.0
JPM,2025-02-14,-0.0062095581337821,4.0,5.5,7.8,4.5,7.0,6.6,7.7,9.0,4.5,7.0,6.5,6.8,8.5,6.8,7.0,7.5
JPM,2025-05-01,0.2376749757119188,4.2,5.2,7.8,7.2,7.8,6.6,7.6,8.8,4.8,7.2,6.6,7.0,8.4,7.4,7.2,7.0
JPM,2025-08-05,0.0998670170103991,4.0,5.0,7.2,6.0,7.5,6.7,7.5,8.7,4.7,7.0,6.1,7.0,8.3,7.4,7.0,6.6
JPM,2025-11-04,0.0153116249103502,3.68,4.55,7.35,4.11,7.75,6.5,7.67,8.8,4.2,6.6,5.15,7.08,8.17,7.17,7.08,6.5
JPM,2026-02-13,-0.005136874285012,2.5,5.0,7.5,4.0,8.0,6.6,7.6,8.9,4.5,5.5,4.5,7.1,7.9,7.1,7.1,6.2
JPM,2026-05-01,0.1148710449108342,3.4,5.4,7.5,2.5,8.4,6.7,8.1,9.2,4.7,6.6,6.3,7.3,8.3,7.4,7.1,6.3
KLAC,2022-10-28,0.1491268267435947,7.2,6.5,7.8,6.1,5.5,8.1,6.8,7.5,7.0,5.9,6.3,7.9,6.7,7.1,6.9,6.0
KLAC,2023-01-27,-0.0091966646220644,4.5,5.0,6.0,4.0,4.5,7.5,7.0,8.0,7.0,6.5,6.0,8.5,9.0,7.0,6.5,9.0
KLAC,2023-04-28,0.2041711631179459,7.8,6.065,0.285,2.675,0.706,7.5,7.0,8.0,7.0,6.25,5.5,8.5,8.25,6.75,6.25,8.0
KLAC,2023-08-03,-0.0348750093411563,5.4,5.95,0.27,2.5,0.82,7.5,7.0,8.0,7.0,6.5,6.0,8.5,9.0,7.0,6.5,9.0
KLAC,2024-01-25,0.0468881372644744,7.0,5.97,4.32,2.5,1.05,7.5,7.17,8.0,7.25,6.33,5.5,8.42,8.0,7.0,6.75,7.83
KLAC,2024-04-26,0.08132518996318,6.95,6.03,3.81,4.14,3.01,7.63,7.38,7.88,7.38,6.18,5.5,8.38,7.75,7.0,6.63,7.88
KLAC,2024-08-02,-0.0031480054036886,7.15,6.04,0.45,2.73,1.28,7.63,7.38,7.75,7.25,6.25,5.5,8.38,7.88,7.0,6.5,7.63
KLAC,2024-10-31,0.0939149588605928,7.46,5.99,4.23,3.38,1.54,7.75,7.3,7.7,7.3,6.2,5.75,8.3,8.0,6.9,6.4,7.7
KLAC,2025-01-31,-0.0061396855102413,7.45,6.03,0.47,2.23,1.15,7.75,7.38,7.75,7.12,5.85,4.75,8.5,7.88,6.5,6.38,7.88
KLAC,2025-05-01,0.2153689072159353,7.69,6.0,0.19,1.97,0.44,8.5,7.0,8.0,7.5,6.0,7.0,8.5,8.0,7.0,6.5,7.0
KLAC,2025-08-06,0.1943545837440953,6.88,5.98,0.97,1.64,0.91,8.5,7.5,8.5,7.5,6.0,6.5,8.5,8.0,7.0,6.0,8.0
KLAC,2025-10-31,0.0990755878024478,7.69,5.96,0.1897,1.64,1.9382,7.0,8.0,7.5,6.5,5.0,3.0,8.5,7.0,5.0,6.0,9.0
KLAC,2026-01-30,0.1126621519530654,7.7,6.04,0.17,1.46,1.5,8.0,7.5,7.75,7.5,6.25,6.0,8.63,7.88,7.0,6.5,7.13
KLAC,2026-04-29,0.1322820290249071,7.5,6.0,0.15,2.02,0.97,8.0,7.5,7.0,7.5,6.0,6.5,8.5,8.0,7.0,6.0,7.0
KO,2022-07-27,-0.0728233553961665,6.5,6.0,7.0,4.0,5.5,7.5,6.8,7.2,7.0,5.0,4.5,7.8,6.2,7.0,6.5,5.8
KO,2022-10-26,0.0431576953288881,4.5,6.0,7.0,3.5,4.0,7.5,8.5,9.5,6.0,7.0,7.5,6.5,8.0,7.0,7.5,8.0
KO,2023-04-26,-0.017088291210889,5.2,5.2,5.3,4.8,5.3,5.0,5.0,5.0,3.0,5.0,5.0,3.5,5.0,5.0,5.0,5.0
KO,2023-07-27,-0.1458476242178472,3.5,7.5,7.0,4.0,6.5,6.5,9.5,9.8,3.5,6.0,7.5,5.0,8.0,7.0,7.5,5.5
KO,2023-10-24,0.1617314096716991,2.5,6.0,3.0,3.5,5.5,6.8,8.5,9.7,4.0,6.5,7.5,4.5,7.8,7.0,7.3,4.5
KO,2024-02-20,0.0948723425171506,7.5,7.5,7.0,6.0,7.0,7.0,8.5,9.5,4.0,6.0,8.0,5.0,8.0,7.0,7.5,5.0
KO,2024-05-02,0.2439135169554907,4.15,6.28,5.43,3.0,6.7,6.9,8.68,9.75,4.15,6.65,8.15,5.0,7.93,7.0,7.33,4.65
KO,2024-07-29,0.0188758853121642,6.0,8.0,6.0,5.0,5.5,6.5,8.5,9.7,5.0,5.0,8.0,5.0,8.5,7.0,7.5,5.5
KO,2024-10-24,-0.1386367848077014,4.0,7.5,6.0,3.5,6.5,6.0,8.5,9.5,4.0,5.0,7.5,4.5,8.0,7.0,7.5,4.0
KO,2025-02-20,0.0454882136624585,4.5,7.8,3.2,4.0,5.5,6.0,8.8,9.8,4.2,5.8,8.0,4.8,8.2,7.0,7.5,5.5
KO,2025-05-01,-0.0403229221183236,4.2,7.5,4.5,3.8,5.2,6.6,8.7,9.8,4.8,5.4,7.7,5.0,8.3,7.1,7.6,5.6
KO,2025-07-24,0.0572247684451154,7.19,7.66,5.33,6.6,6.24,6.5,8.67,9.67,4.17,6.0,7.67,5.17,8.17,7.0,7.5,5.5
KO,2025-10-23,0.0814624305610656,6.46,7.43,5.69,6.13,5.76,6.62,8.71,9.71,4.5,5.57,7.71,5.14,8.14,7.0,7.64,5.14
KO,2026-02-20,0.040849304812595,0.13,6.17,0.01,1.56,0.53,6.75,8.75,9.75,5.5,6.0,7.75,5.5,8.25,7.0,7.5,5.5
KO,2026-04-30,0.1327536703281966,4.5,8.5,3.0,4.0,5.5,7.0,8.8,9.8,4.8,6.0,7.8,5.0,8.3,7.0,7.6,5.0
LIN,2022-08-04,-0.0111076466646933,7.5,6.8,8.2,4.5,5.1,7.0,6.5,8.0,7.2,5.0,5.5,7.8,6.0,7.1,6.9,5.8
LIN,2022-11-01,0.1276514831604642,2.0,5.0,7.5,5.0,4.0,5.5,7.5,8.0,5.0,4.0,7.0,8.5,8.0,6.0,7.0,7.0
LIN,2023-04-27,0.0960237611099899,6.0,5.0,7.0,6.0,4.0,7.0,7.8,7.5,5.8,4.5,7.0,8.0,8.0,6.0,6.8,7.0
LIN,2023-08-01,-0.0301177382592187,8.5,5.5,4.0,6.0,3.0,7.0,7.5,7.5,6.0,4.5,7.0,8.5,8.0,6.5,6.5,7.0
LIN,2023-11-02,0.0773106890863227,4.5,7.0,3.5,6.0,4.0,7.5,8.0,7.3,6.2,5.0,6.8,8.0,8.0,6.5,6.7,7.0
LIN,2024-02-28,-0.0848843427778157,3.5,6.0,3.0,5.0,5.5,6.0,8.0,7.5,6.0,5.0,6.8,8.0,8.0,6.5,6.5,7.0
LIN,2024-05-02,0.1773555478563561,4.9,5.1,4.9,4.9,4.9,7.0,7.8,7.3,6.4,5.1,7.0,8.1,7.7,6.5,6.6,7.0
LIN,2024-07-31,0.1019937521551226,4.2,5.8,2.0,3.0,3.2,6.7,8.0,7.4,6.6,5.2,6.8,7.8,7.8,6.6,6.7,7.1
LIN,2024-11-04,-0.0073922846668471,4.14,7.98,3.17,3.6,3.5,6.75,7.83,7.33,6.17,4.92,7.17,7.83,7.83,6.5,6.83,7.17
LIN,2025-02-26,0.0134451565175888,5.85,7.1,4.1,7.08,4.18,6.8,7.83,7.35,5.87,5.17,7.08,7.67,7.75,6.25,6.75,7.17
LIN,2025-05-02,0.0283683074360545,6.08,6.52,4.72,3.14,2.75,7.25,8.08,7.33,6.08,5.17,7.0,7.75,7.67,6.25,6.67,7.17
LIN,2025-08-04,-0.1812301063469035,5.66,7.47,4.07,6.02,5.24,7.33,8.17,7.33,6.33,5.25,6.83,7.83,7.5,6.17,6.75,6.75
LIN,2025-10-29,0.0938502290967987,4.5,6.8,3.2,3.5,2.5,7.1,8.0,7.4,6.3,4.7,6.8,7.8,7.6,6.3,6.8,6.9
LIN,2026-02-25,0.009363160631966,3.2,7.5,3.2,3.5,3.5,6.7,8.1,7.2,6.2,5.1,6.9,7.8,7.7,6.3,6.8,6.8
LIN,2026-04-27,0.1239632999148541,6.42,7.08,4.84,7.13,5.87,7.32,8.19,7.32,6.19,5.13,6.81,7.81,7.75,6.25,6.75,6.75
LLY,2022-08-04,0.1377431903636227,7.8,8.2,8.5,6.1,7.0,7.5,8.0,9.0,8.8,7.2,7.9,8.1,8.3,7.7,7.6,8.4
LLY,2022-11-01,-0.0603226186831734,7.0,8.0,6.0,3.0,4.0,8.0,7.5,8.5,7.0,6.0,5.0,8.0,7.5,7.0,6.5,7.0
LLY,2023-04-27,0.1817472372946235,7.7,7.73,1.02,1.56,0.175,8.0,7.5,8.5,7.0,6.0,5.0,8.0,7.5,7.0,6.5,7.0
LLY,2023-08-08,0.1274988218816656,4.5,8.5,4.1,3.5,2.5,8.0,7.5,8.5,7.0,6.0,5.0,8.0,7.5,7.0,6.5,7.0
LLY,2023-11-02,0.1483862087177637,2.0,8.5,4.0,4.5,3.0,8.5,7.8,8.5,8.0,6.0,5.0,8.5,7.8,7.0,6.5,7.0
LLY,2024-02-21,0.0756326962372885,6.5,8.5,8.0,4.0,2.0,9.0,8.5,9.5,8.5,6.0,5.0,9.5,8.5,7.5,7.0,8.5
LLY,2024-04-30,0.0368429425702848,4.5,8.5,8.0,4.0,4.8,8.0,7.5,8.5,8.0,4.5,5.0,8.5,7.5,7.0,6.5,7.5
LLY,2024-08-08,-0.0676188261202788,4.8,8.5,7.2,3.5,2.1,7.7,7.4,8.3,8.2,4.5,5.5,8.8,7.7,7.0,6.8,7.8
LLY,2024-10-30,-0.0207576296591603,7.1,7.86,0.236,1.77,0.124,7.65,7.3,8.15,8.0,5.4,5.5,8.75,7.75,7.0,6.8,7.75
LLY,2025-02-19,-0.0525086512137827,6.75,8.73,7.25,3.55,1.75,7.75,7.5,8.33,8.0,4.67,5.67,8.83,7.75,7.0,6.83,7.75
LLY,2025-05-01,-0.0185978077971342,4.2,8.54,8.3,2.74,0.134,8.13,7.23,8.25,8.5,5.0,5.5,9.13,7.75,7.0,6.75,7.5
LLY,2025-08-07,0.2980410388473987,6.5,8.7,8.9,4.0,3.0,8.0,7.5,8.3,7.5,5.2,5.7,9.0,7.7,7.0,6.8,7.8
LLY,2025-10-30,0.1887227977514558,7.48,8.15,0.25,1.75,0.14,8.08,7.5,8.33,8.25,5.83,5.75,8.83,7.83,7.17,6.75,7.75
LLY,2026-02-12,-0.0084522760708114,7.23,8.07,0.31,1.77,0.14,8.33,7.67,8.42,8.2,6.0,5.67,8.83,7.83,7.25,6.83,7.67
LLY,2026-04-30,0.3059524662825868,7.5,8.3,9.0,4.5,7.0,9.0,7.5,8.5,9.0,6.0,5.0,8.5,7.0,8.0,6.5,7.0
LRCX,2022-10-24,0.1475765367189789,7.5,6.8,8.2,6.0,5.5,7.0,7.8,8.5,7.2,6.5,6.1,7.9,7.1,6.9,7.3,6.7
LRCX,2023-01-30,0.0712909210769808,4.5,6.0,7.0,4.0,4.0,7.5,7.0,7.0,6.5,6.0,5.0,8.0,7.0,6.0,6.5,7.0
LRCX,2023-04-24,0.1838108071127838,6.5,5.0,7.0,6.0,7.5,8.0,5.0,7.5,7.0,6.5,5.5,8.5,7.5,6.5,6.25,7.25
LRCX,2023-08-15,0.0339099805886632,5.5,5.3,5.9,5.7,6.2,7.9,7.0,7.6,7.1,6.6,5.6,8.4,7.6,6.7,6.6,7.2
LRCX,2023-10-26,0.3053687137233057,5.2,4.5,6.8,6.1,5.0,8.3,7.2,7.7,7.2,6.5,6.2,8.5,7.7,6.8,6.8,6.7
LRCX,2024-02-01,0.0561556078388018,3.0,5.0,2.5,6.0,7.0,8.5,7.5,7.5,7.5,6.5,6.5,8.5,7.8,7.0,6.8,6.8
LRCX,2024-04-25,0.0099738899611912,3.5,5.0,2.0,6.0,4.5,8.5,7.5,7.5,7.5,6.0,6.5,8.5,7.5,6.5,6.5,5.5
LRCX,2024-08-29,-0.0443917944654753,3.8,5.2,2.1,5.8,7.1,8.0,7.5,7.5,7.5,6.3,6.3,8.7,7.8,6.7,6.8,6.0
LRCX,2024-10-24,0.0402503630388059,5.1,5.0,4.0,5.5,7.0,8.8,7.5,7.4,7.3,5.8,6.3,8.7,7.7,6.7,6.7,5.7
LRCX,2025-01-27,0.0002271871789294,4.5,6.0,3.0,7.0,7.5,8.5,7.5,7.0,7.0,6.0,5.5,8.5,7.5,7.0,6.5,6.0
LRCX,2025-04-24,0.2572894119399363,4.1,5.4,3.1,5.8,6.5,8.3,7.4,7.3,6.8,5.8,5.3,8.6,7.6,6.7,6.6,5.7
LRCX,2025-08-11,0.2605268616287359,4.0,5.5,3.5,6.0,7.0,8.5,7.5,7.5,7.0,6.0,5.5,8.5,7.5,7.0,6.5,5.5
LRCX,2025-10-23,0.2083585152326802,5.9,6.5,4.0,6.0,7.5,8.5,7.5,7.3,7.0,6.0,5.5,8.6,8.0,6.9,6.7,6.2
LRCX,2026-01-27,0.0410873361394633,6.1,7.3,5.3,7.3,8.5,8.6,7.7,7.5,7.3,6.2,5.6,8.7,8.0,7.0,6.7,6.2
LRCX,2026-04-27,0.1543126939722708,6.0,7.5,4.5,7.5,8.0,8.5,7.8,7.5,7.0,6.0,5.5,8.8,8.2,7.0,6.8,6.5
MA,2022-07-28,-0.0855732357529118,6.5,7.0,8.2,6.8,7.5,7.8,7.2,8.0,7.7,6.0,6.2,8.5,7.1,7.3,6.9,7.9
MA,2022-10-27,0.1456944128146874,8.5,9.0,5.21,4.9,4.9,7.0,8.0,9.5,6.5,9.0,7.5,8.5,9.0,7.0,7.5,7.0
MA,2023-04-27,0.0782664883975135,1.0,1.0,7.05,1.0,1.0,7.25,8.25,9.25,6.75,9.25,7.25,8.25,9.0,7.0,7.0,7.0
MA,2023-07-27,-0.0323052705287404,7.75,9.0,7.15,4.0,3.5,7.25,8.25,9.25,6.75,9.25,7.25,8.25,9.0,7.0,7.0,7.0
MA,2023-10-26,0.4067195136595055,7.75,9.0,5.21,3.61,3.725,7.45,8.47,9.23,7.0,9.33,7.17,8.3,9.0,7.07,7.35,7.0
MA,2024-02-13,-0.0140808693252338,6.5,8.0,7.0,4.0,3.0,7.7,8.6,9.3,7.1,9.5,7.5,8.3,9.0,7.1,7.2,7.3
MA,2024-05-01,0.077625737083772,7.86,9.0,7.0,1.8,2.19,7.8,8.65,9.35,7.12,9.6,7.5,8.35,8.85,7.17,7.17,7.15
MA,2024-07-31,0.1518453341520465,8.01,9.13,0.15,2.5,0.75,7.65,8.75,9.38,7.1,9.55,7.58,8.25,8.88,7.17,7.35,7.08
MA,2024-10-31,0.160589471947051,7.92,9.13,0.115,2.54,0.75,7.75,8.88,9.37,7.13,9.63,7.75,8.38,8.92,7.25,7.42,7.38
MA,2025-02-12,0.0234255630125854,7.89,9.13,0.12,2.34,0.56,7.7,8.75,9.43,6.75,9.72,7.58,8.33,8.92,7.25,7.33,7.25
MA,2025-05-01,0.0360903657687084,7.82,8.75,0.118,2.48,0.63,7.75,8.75,9.35,7.0,9.75,7.5,8.33,9.08,7.5,7.5,7.42
MA,2025-07-31,-0.0239221474184504,7.82,8.49,0.118,2.42,0.5,7.85,8.75,9.34,6.83,9.67,7.33,8.33,9.0,7.42,7.33,7.42
MA,2025-10-30,-0.0236396673079978,7.66,8.18,0.13,2.51,0.6,7.83,8.7,9.37,6.92,9.67,7.33,8.42,9.0,7.33,7.33,7.58
MA,2026-02-11,-0.0788258399037222,4.8,6.8,8.6,3.2,3.8,7.9,8.7,9.4,7.0,9.8,7.5,8.5,9.0,7.3,7.5,7.4
MC.PA,2023-07-25,-0.2079582316910345,7.5,6.8,7.2,5.0,5.5,8.0,6.5,7.8,7.0,6.0,5.8,7.6,6.3,6.9,7.1,6.7
MC.PA,2023-10-10,-0.0533177033210071,4.0,7.5,8.0,6.0,5.0,7.0,8.0,9.5,6.0,7.0,7.5,7.0,8.5,6.5,7.0,8.0
MC.PA,2024-01-25,0.1177358068711222,4.0,4.0,7.0,4.0,4.0,7.0,7.5,9.25,6.25,7.1,6.75,7.25,7.75,6.25,7.0,7.0
MC.PA,2024-04-16,-0.1029254897936659,3.0,6.0,7.5,3.5,3.0,7.0,7.93,9.33,5.5,6.77,7.17,7.17,7.83,6.17,7.0,7.67
MC.PA,2024-07-23,-0.0635466153817073,4.5,7.0,7.0,4.8,3.0,6.8,7.9,9.3,6.2,6.4,7.0,7.3,8.0,6.5,7.0,7.5
MC.PA,2024-10-15,0.034273079855659,3.5,6.5,4.0,4.5,3.0,6.8,8.0,9.4,6.0,5.5,6.8,7.2,8.0,6.3,7.0,7.5
MC.PA,2025-01-28,-0.3059617444089419,2.5,3.0,4.0,2.0,3.0,6.8,7.5,9.3,5.7,5.7,6.5,7.0,7.8,6.0,7.0,7.5
MC.PA,2025-04-14,-0.0563177520183055,3.0,6.0,3.0,3.3,1.0,6.0,8.0,9.5,4.0,4.0,5.0,7.0,8.0,6.0,7.0,7.0
MC.PA,2025-10-14,0.1673359795062541,4.5,6.9,4.0,5.7,5.0,6.5,7.7,9.3,5.4,5.5,6.2,7.0,7.8,6.5,7.0,7.3
MC.PA,2026-04-13,0.0514198149001651,4.8,6.4,2.7,5.6,3.9,6.5,7.7,9.4,5.3,5.2,6.2,7.1,8.1,6.4,7.1,7.1
MC.PA,2026-04-23,0.0723513012218601,3.5,5.6,3.6,4.0,3.3,6.7,7.7,9.3,5.5,5.3,6.0,7.0,8.1,6.3,7.0,7.0
MCD,2022-08-04,0.0568694890604824,7.5,6.8,8.2,5.5,6.1,7.1,6.5,8.5,7.0,4.2,5.0,7.8,6.9,7.3,5.8,6.2
MCD,2022-11-07,-0.0640703520781085,4.5,5.0,5.0,4.8,5.0,5.0,5.0,5.0,5.0,5.0,5.0,5.0,5.0,5.0,5.0,5.0
MCD,2023-05-04,-0.0453886153066508,6.5,5.0,5.0,5.0,5.0,5.0,5.0,5.0,5.0,5.0,5.0,5.0,5.0,5.0,5.0,5.0
MCD,2023-08-02,-0.1513667999041146,4.5,6.0,6.0,3.0,3.5,5.0,8.0,9.5,3.0,7.0,5.0,6.0,8.5,7.0,7.5,2.0
MCD,2023-11-02,0.2214489201690423,4.1,5.04,7.45,3.42,3.14,5.0,8.25,9.5,4.0,7.0,6.25,6.5,8.25,7.0,7.5,3.0
MCD,2024-02-22,-0.1655937435964214,4.0,6.0,7.5,4.0,5.5,6.0,8.5,9.5,4.0,7.5,6.5,7.0,8.0,7.0,7.0,3.5
MCD,2024-05-08,0.0255181141080221,7.3,5.5,7.0,5.0,5.5,6.3,8.6,9.6,4.0,7.4,6.1,7.0,8.6,7.0,7.2,3.5
MCD,2024-08-08,0.1270168996364521,4.5,5.2,7.8,3.8,5.0,6.7,8.8,9.8,4.0,7.7,6.6,6.9,8.7,7.0,7.3,3.2
MCD,2024-11-07,0.0130669143093588,4.2,5.1,6.5,4.6,5.1,5.7,8.7,9.7,3.2,7.7,5.6,6.7,8.5,6.8,7.2,2.6
MCD,2025-02-25,0.0278625151462779,4.165,0.487,0.004,8.0,1.075,4.0,8.5,9.5,2.0,8.0,3.0,7.0,7.5,6.0,7.0,1.0
MCD,2025-05-12,-0.0379588752156838,4.165,0.5638,0.004,8.0,1.075,4.0,8.5,9.5,2.0,8.0,3.0,7.0,7.5,6.0,7.0,1.0
MCD,2025-08-06,-0.0396782652987991,4.19,5.23,8.51,6.54,1.71,6.15,8.82,9.67,4.18,8.11,5.75,6.85,8.58,6.93,7.37,3.11
MCD,2025-11-05,0.1179323958623938,4.0,5.5,6.5,3.0,4.0,5.0,8.8,9.7,3.0,7.8,5.0,7.0,8.5,7.0,7.5,2.0
MCD,2026-02-24,-0.2321254477669884,3.93,0.5233,0.049,4.48,0.81,5.48,8.75,9.75,3.6,7.8,5.5,6.9,8.5,6.75,7.38,2.93
MCD,2026-05-07,-0.0117464768317451,3.0,5.2,5.7,4.0,2.5,5.5,8.8,9.8,3.5,8.0,5.0,7.3,8.6,6.8,7.5,2.5
META,2022-07-27,-0.1030085793802501,8.5,7.2,9.1,6.5,6.8,8.8,7.5,8.1,7.9,6.3,5.0,8.3,7.0,7.7,6.1,5.5
META,2023-04-26,0.2766238164672703,7.5,8.0,5.1,4.5,6.0,7.5,8.25,9.0,6.5,9.5,4.5,7.5,8.75,7.25,6.0,4.0
META,2023-07-26,0.0478834776530731,6.0,5.1,5.1,6.5,5.0,7.0,8.0,9.0,6.0,9.5,5.0,7.0,9.0,7.5,6.5,4.0
META,2023-10-25,0.2963455909152545,4.0,7.0,4.5,9.5,5.0,7.8,8.2,9.2,6.3,9.7,4.0,7.2,9.0,7.3,6.1,2.0
META,2024-02-01,0.0684323531187206,6.7,8.1,7.7,3.5,4.8,7.4,8.2,9.1,6.2,9.8,4.5,7.3,9.1,7.3,6.1,3.0
META,2024-04-24,-0.0434208336449777,6.2,7.2,6.6,7.4,7.5,7.4,8.1,9.1,6.5,9.6,5.0,7.5,9.1,7.3,6.4,3.6
META,2024-07-31,0.224575493194406,4.5,8.0,7.0,9.0,6.0,7.5,8.0,9.0,6.5,9.5,5.0,7.5,9.0,7.5,6.5,3.0
META,2024-10-30,0.1462314316647563,6.3,8.0,6.7,7.8,7.5,7.5,8.1,9.1,6.7,9.8,4.3,7.9,9.1,7.3,6.3,3.1
META,2025-01-29,-0.0866264496227087,6.1,8.1,7.0,9.0,6.0,7.5,8.0,9.0,6.7,9.7,4.5,7.8,9.1,7.3,6.3,3.3
META,2025-04-30,0.2495118746981309,6.5,8.0,7.5,8.5,8.5,7.5,8.0,9.0,6.5,9.5,4.5,7.5,9.0,7.0,6.0,3.0
META,2025-07-30,0.0710131896300781,7.3,8.1,7.7,6.5,6.9,7.8,8.1,9.1,6.4,9.7,4.3,7.9,9.1,7.2,6.5,3.3
META,2025-10-29,-0.015829371177323,6.5,8.14,7.77,6.5,5.5,7.75,8.0,9.0,6.5,9.75,5.0,7.75,9.0,7.25,6.5,3.5
META,2026-01-28,0.0139332292056657,5.6,8.3,7.0,9.0,7.0,7.9,7.8,9.0,6.5,9.7,5.3,7.9,9.1,7.3,6.5,3.9
META,2026-04-29,-0.0930724024175027,5.4,8.2,7.2,8.0,5.8,8.0,8.0,9.0,6.7,9.7,4.0,8.0,9.0,7.5,6.4,3.5
MRK,2022-08-04,0.1858355194937976,6.5,7.0,8.0,5.5,6.0,7.5,6.8,8.2,7.8,7.2,6.0,8.5,7.0,7.3,6.9,7.7
MRK,2022-11-03,0.0667286986017007,3.0,5.0,7.0,4.5,4.0,7.5,7.0,9.0,8.0,7.5,6.0,9.5,8.0,8.0,7.0,8.5
MRK,2023-05-05,-0.1469188385662929,3.5,7.5,4.0,2.5,4.5,8.0,7.5,9.0,8.25,7.25,6.0,8.75,8.0,7.75,7.0,8.0
MRK,2023-08-07,-0.0219450602533986,6.5,5.1,4.5,4.0,6.0,7.7,7.7,8.8,7.8,7.2,6.0,8.7,7.8,7.5,6.9,7.7
MRK,2023-11-03,0.3132485789643027,3.5,5.5,2.5,4.5,4.0,7.75,7.63,8.75,7.5,7.13,6.33,8.63,7.75,7.25,6.83,7.56
MRK,2024-02-26,0.0221072737710947,3.5,5.1,4.0,3.0,6.0,7.8,7.7,8.8,7.7,7.0,6.0,8.7,7.8,7.3,6.8,7.7
MRK,2024-05-03,-0.077221764382385,4.0,5.5,4.5,4.2,4.8,7.8,7.4,8.7,7.7,6.5,5.2,8.4,7.2,7.1,6.4,7.5
MRK,2024-08-05,-0.1307565742520693,3.0,7.0,4.0,4.5,5.5,8.0,7.5,8.8,7.8,6.5,6.0,8.5,7.5,7.5,6.5,7.5
MRK,2024-11-06,-0.1177814221611255,5.3,5.1,4.1,3.9,3.0,7.7,7.4,8.8,7.7,6.0,5.0,8.5,7.3,7.0,6.5,7.6
MRK,2025-02-25,-0.1016877759749805,4.5,5.5,4.0,4.0,4.5,7.9,7.3,8.8,7.6,5.9,5.4,8.4,7.4,7.1,6.6,7.7
MRK,2025-05-02,-0.0213006427347849,6.3,7.3,5.4,5.3,5.4,8.4,7.7,8.8,8.2,6.5,5.8,8.7,7.7,7.4,6.7,7.8
MRK,2025-08-05,0.0358573436258856,4.0,5.5,4.2,6.0,5.8,8.0,7.2,8.5,7.8,6.2,5.8,8.5,7.5,7.3,6.6,7.7
MRK,2025-11-05,0.3699604510579489,4.5,7.8,5.8,4.0,4.2,8.2,7.6,8.8,7.8,6.4,5.8,8.6,7.6,7.2,6.7,7.7
MRK,2026-02-24,-0.0165504786253219,6.5,7.2,6.0,5.5,5.0,8.5,7.7,9.0,8.0,6.0,5.5,8.5,7.5,7.3,6.7,7.8
MRK,2026-05-04,0.1869395226368168,3.83,6.26,3.69,5.0,5.0,8.17,7.33,8.83,8.25,6.5,5.67,8.75,7.58,7.33,6.5,7.75
MS,2022-08-05,-0.00661201162358,7.5,7.0,8.0,6.5,6.0,8.5,7.8,8.2,7.9,6.8,7.2,8.8,7.1,7.7,8.1,7.4
MS,2022-11-03,0.1802526137826363,7.0,7.0,6.0,4.0,8.0,7.5,7.5,8.0,5.0,6.5,6.0,7.0,8.5,7.0,7.0,6.5
MS,2023-05-02,0.0524824227863249,5.81,7.25,4.16,1.29,5.48,7.0,7.75,8.5,4.0,5.0,4.25,6.25,8.25,7.75,7.0,5.5
MS,2023-08-03,-0.2263959900243037,7.13,4.02,4.04,1.36,6.31,7.0,7.67,8.67,3.33,4.67,3.83,4.5,8.17,6.83,6.67,4.67
MS,2023-11-03,0.1592534140783063,4.8,6.7,3.9,2.9,3.1,7.0,7.7,8.7,3.3,5.0,3.7,4.4,8.2,7.0,6.7,4.7
MS,2024-02-22,0.1862574237124829,7.15,4.65,3.9,1.23,5.55,7.0,7.5,8.75,3.0,4.0,3.67,4.17,8.13,7.0,6.5,5.75
MS,2024-05-03,0.0461113459204437,4.23,7.11,1.28,2.58,7.8,7.1,7.65,8.7,2.3,4.2,3.5,5.1,8.15,7.1,6.65,4.2
MS,2024-08-05,0.2617579446103731,7.53,5.23,4.63,1.76,4.93,7.0,7.6,8.7,2.3,4.2,2.4,4.5,8.1,7.1,6.6,4.1
MS,2024-11-04,0.1502720655960584,4.8,7.3,5.3,2.6,3.1,7.0,7.8,8.8,2.2,5.0,4.0,4.0,8.0,7.0,6.9,5.4
MS,2025-02-21,-0.0025370301893751,7.38,6.32,5.38,2.03,6.57,7.1,7.7,8.9,2.8,5.2,3.6,4.6,8.1,6.8,6.9,6.0
MS,2025-05-05,0.2194616016181196,7.0,7.5,8.0,6.0,9.0,7.5,8.0,9.0,6.5,7.0,7.0,7.5,8.5,8.0,7.0,6.0
MS,2025-08-04,0.1903474360072741,4.24,7.28,4.37,2.47,1.09,6.8,7.9,8.8,3.5,5.2,4.5,5.5,8.3,7.2,6.9,5.7
MS,2025-11-03,0.1093239203224701,6.83,6.47,5.81,3.45,1.08,6.83,7.92,8.83,3.5,5.08,4.25,5.5,7.75,7.17,7.08,6.75
MS,2026-02-19,0.1146428174355143,8.0,7.5,1.3,0.3,1.3,7.0,8.0,9.0,2.0,7.0,6.0,7.0,8.0,6.0,7.0,9.0
MS,2026-05-05,0.1795378594210252,7.83,5.14,4.69,2.62,1.07,6.67,7.58,8.83,2.83,5.5,3.83,5.5,7.58,7.0,7.0,5.5
MSFT,2022-10-25,0.0070254838299967,6.5,7.0,7.5,6.0,5.5,8.0,6.5,7.0,7.5,6.0,5.0,8.5,7.0,6.5,5.5,6.0
MSFT,2023-01-24,0.1269088946551041,3.5,7.0,8.0,3.0,6.0,7.5,8.0,9.0,7.0,9.5,6.0,8.5,9.0,7.0,6.5,5.0
MSFT,2023-04-25,0.1951372786273556,3.5,6.8,7.5,4.0,7.0,8.0,8.5,9.25,7.5,9.25,6.0,8.5,9.0,7.25,6.75,6.5
MSFT,2023-07-27,0.0462510118729563,4.5,5.1,5.2,4.8,6.0,8.1,8.5,9.2,7.5,9.3,6.0,8.8,9.0,7.1,7.0,7.0
MSFT,2023-10-24,0.2792545358340222,5.5,5.1,6.1,5.8,6.3,8.2,8.7,9.2,7.6,9.3,6.6,8.8,9.0,7.6,7.0,6.8
MSFT,2024-01-30,-0.0474240558471194,4.0,7.0,6.5,5.5,6.0,8.0,8.8,9.2,7.7,9.3,6.3,8.7,9.0,7.5,7.0,7.5
MSFT,2024-04-25,0.0861517424663231,4.5,7.0,5.5,7.5,6.0,8.0,8.8,9.3,7.5,9.3,6.3,8.8,9.0,7.5,7.0,7.0
MSFT,2024-07-30,0.020460013713956,5.1,5.0,7.0,6.5,6.0,8.0,9.0,9.5,8.0,9.5,7.0,9.0,9.5,8.0,7.5,7.0
MSFT,2024-10-30,-0.0283214940704823,3.0,7.0,7.8,7.9,7.0,8.7,9.0,9.3,7.8,9.3,6.8,9.0,9.0,8.0,7.3,7.0
MSFT,2025-01-29,-0.0712587503009037,6.5,7.0,7.5,8.0,8.5,8.5,8.8,9.2,7.5,9.3,6.8,8.8,9.1,8.0,7.2,7.3
MSFT,2025-04-30,0.3775826491718606,4.7,7.0,8.5,4.5,4.5,8.6,8.9,9.3,7.7,9.3,6.8,8.8,9.1,7.7,7.3,7.1
MSFT,2025-07-30,0.086103746628906,4.9,7.0,7.0,4.9,4.9,8.5,8.5,9.0,7.5,9.0,6.0,8.5,9.0,7.0,7.0,5.0
MSFT,2025-10-29,-0.1892607357917888,4.0,6.5,7.0,8.0,6.0,8.5,9.0,9.5,7.5,9.5,7.0,9.0,9.0,8.0,7.5,7.0
MSFT,2026-01-28,-0.0780480534979612,4.5,7.8,8.5,7.0,6.0,8.7,9.0,9.5,7.8,9.3,6.8,8.9,9.2,7.8,7.2,7.2
MSFT,2026-04-29,-0.068399361812873,3.51,6.89,1.1,0.25,0.8,8.35,8.7,9.25,7.7,9.3,6.6,8.85,9.15,7.5,7.15,6.75
MU,2022-05-26,-0.092409884872834,6.5,7.0,7.5,6.0,5.5,8.0,6.8,7.2,7.8,6.2,5.8,8.5,7.1,6.7,7.3,6.9
MU,2022-12-01,0.0289327778953153,4.0,5.0,6.0,4.0,6.0,7.5,7.0,6.5,7.5,5.0,4.0,9.0,7.0,6.0,6.5,8.0
MU,2023-03-27,0.0789797432744896,3.0,5.5,3.0,5.0,6.0,7.5,6.5,6.8,7.8,5.8,5.0,8.8,7.3,6.5,6.5,8.0
MU,2023-06-01,0.0209631715202916,3.5,4.0,3.0,6.0,7.0,7.1,6.9,6.7,7.5,5.2,4.5,8.5,7.3,6.5,5.5,7.5
MU,2023-10-06,0.1553907618803191,3.0,4.5,4.0,6.0,5.5,7.3,6.8,6.6,7.5,5.2,4.0,8.5,7.2,6.3,5.5,7.5
MU,2023-12-19,0.1704400520713497,2.5,2.0,0.51,0.45,1.77,7.38,4.25,6.63,7.5,4.88,3.5,8.13,6.13,6.5,5.08,6.25
MU,2024-03-01,0.157268970629899,3.5,3.0,4.0,5.5,7.0,7.5,5.0,6.5,7.5,5.0,3.0,8.5,6.5,6.5,5.0,6.0
MU,2024-06-20,-0.2059917941341457,2.5,2.5,4.0,5.0,5.0,8.0,4.0,6.5,7.5,5.0,3.0,8.5,6.5,6.5,5.5,6.5
MU,2024-10-04,-0.0416450324672652,1.23,1.1,0.51,0.303,1.0,7.0,3.0,6.0,7.0,4.0,2.0,7.5,5.0,6.0,3.5,4.0
MU,2024-12-09,-0.0028537049400838,3.0,3.1,5.5,5.1,5.0,8.0,6.0,6.7,7.7,5.0,5.0,8.5,6.8,6.8,5.7,7.0
MU,2025-03-20,0.0855320027413079,3.96,1.85,5.74,4.93,5.68,7.75,5.75,6.8,7.8,5.0,4.2,8.5,6.5,6.8,5.8,6.7
MU,2025-06-25,0.1506556409328971,4.5,4.8,7.8,5.5,7.5,7.5,6.8,6.8,7.8,5.2,4.8,8.8,6.8,6.8,6.0,7.0
MU,2025-10-03,0.2161277445004262,2.5,4.0,5.8,7.5,7.0,8.0,6.5,7.0,7.8,5.2,5.5,8.8,6.8,7.0,6.2,7.2
MU,2025-11-27,0.2358269168329254,2.0,3.0,4.0,5.5,5.0,7.8,6.7,6.8,7.8,5.1,5.0,8.7,6.8,6.8,6.2,7.0
MU,2026-03-06,0.2665913278236234,4.55,5.42,6.26,7.1,6.85,8.0,7.7,7.1,8.0,5.4,5.85,8.7,7.0,7.2,6.5,7.3
NEE,2022-07-26,-0.060230327236436,6.5,7.0,7.5,6.0,5.5,8.0,7.2,8.5,7.8,6.8,5.0,7.1,6.2,7.9,6.4,7.3
NEE,2022-11-02,-0.016309530662924,2.5,5.0,5.0,5.0,5.0,5.0,5.0,5.0,5.0,5.0,5.0,5.0,5.0,5.0,5.0,5.0
NEE,2023-04-25,-0.0399710135669399,2.5,5.0,8.0,5.0,5.0,6.5,7.0,7.5,7.0,6.0,7.0,7.5,8.0,6.5,6.0,7.0
NEE,2023-07-26,-0.1878594025589705,3.0,5.0,8.5,5.0,5.0,7.0,7.0,7.5,7.0,6.0,7.0,7.5,8.0,6.5,6.0,7.0
NEE,2023-11-06,-0.0264421318754301,4.5,5.0,8.0,5.0,5.0,5.5,5.7,5.8,5.7,5.5,5.7,5.8,6.0,5.6,5.5,5.7
NEE,2024-02-16,0.3461410594140217,3.5,5.0,8.5,3.0,2.5,7.25,7.5,7.25,6.5,5.5,7.0,7.75,8.0,6.75,6.75,6.5
NEE,2024-04-23,0.1239923103178702,4.5,5.0,8.5,3.0,8.0,8.0,8.0,7.5,6.0,5.0,7.5,8.0,7.5,7.0,7.5,6.0
NEE,2024-07-24,0.1427525871649763,4.0,4.5,6.0,3.0,5.0,8.5,8.0,7.75,6.0,6.0,7.25,8.0,7.5,6.875,7.125,6.5
NEE,2024-10-23,-0.1235016229359133,3.5,4.5,6.5,3.0,2.5,7.5,7.5,7.5,6.0,6.0,7.0,7.75,7.5,6.5,7.25,6.0
NEE,2025-02-14,0.0901894246927019,6.1,6.4,4.9,4.1,4.1,7.6,8.0,7.5,6.0,6.7,7.4,8.2,7.7,6.7,7.5,6.7
NEE,2025-04-23,0.0705571539476375,7.08,6.75,0.673,1.14,0.366,7.6,7.6,7.42,6.0,6.42,6.75,8.17,7.5,6.75,7.33,6.42
NEE,2025-07-23,0.1885205359079069,3.95,6.67,1.46,1.13,0.47,7.5,7.67,7.17,6.33,6.58,6.25,8.08,7.58,6.67,7.08,6.5
NEE,2025-10-28,0.088169241743494,3.0,5.5,4.0,3.0,4.5,8.0,8.0,7.5,6.5,7.0,6.5,8.0,7.5,6.8,7.5,6.5
NEE,2026-02-13,0.0098757120047852,3.0,6.0,0.8,1.2,0.5,7.5,8.0,7.5,6.5,7.0,7.5,8.0,7.5,7.0,7.0,6.5
NEE,2026-04-23,-0.0929394495610527,2.33,6.63,6.29,1.27,0.34,7.5,8.0,7.33,6.0,5.75,6.83,7.92,7.42,6.75,6.92,6.0
NESN.SW,2023-04-25,-0.1913032868682032,7.8,6.5,8.2,4.5,5.0,7.0,6.8,8.5,7.2,5.5,6.0,7.5,6.2,7.1,6.7,7.3
NESN.SW,2023-07-27,-0.1427386834930679,4.8,4.2,9.3,5.0,1.0,7.5,8.0,8.5,3.0,6.0,4.0,7.0,7.5,6.5,7.0,6.0
NESN.SW,2023-10-19,-0.0270238351762194,4.9,5.0,7.0,4.5,4.5,7.5,8.0,8.5,4.5,5.5,4.0,7.0,7.5,6.75,7.0,6.25
NESN.SW,2024-02-22,0.0264598396283265,3.15,4.2,3.35,0.94,1.93,7.5,8.0,8.83,4.67,6.33,4.33,7.0,7.5,6.83,7.0,7.33
NESN.SW,2024-04-25,-0.0581332830003317,3.14,5.0,3.71,6.5,1.94,7.5,8.0,8.83,4.75,6.25,4.5,7.0,7.83,6.75,7.0,7.5
NESN.SW,2024-07-25,-0.0616021751668743,4.62,5.5,3.74,4.23,3.33,7.5,7.75,8.75,4.88,6.38,4.75,7.0,7.88,6.75,7.0,7.75
NESN.SW,2024-10-17,-0.3102882181257746,2.33,4.69,3.0,3.36,1.74,7.38,7.75,8.75,4.68,6.5,4.5,7.0,7.88,6.63,7.0,7.75
NESN.SW,2025-02-13,0.0822747074160716,5.8,4.73,3.0,5.8,5.0,7.6,8.0,9.1,4.7,6.4,5.2,7.0,7.9,6.7,7.0,7.8
NESN.SW,2025-04-24,-0.2680959196818432,3.57,3.22,3.8,4.0,2.41,7.43,7.93,8.64,4.57,5.71,4.71,6.86,7.57,6.21,6.79,6.64
NESN.SW,2025-07-24,0.1104364763447316,5.31,5.16,3.19,4.4,3.13,7.25,7.85,8.55,4.1,5.55,4.3,7.05,7.55,6.35,6.75,6.35
NESN.SW,2025-10-16,-0.1560037879394162,3.74,4.12,3.25,3.07,2.25,7.27,7.83,8.5,4.1,5.45,4.25,6.83,7.25,5.83,6.5,6.42
NESN.SW,2026-02-19,0.0148261709898916,2.43,4.67,4.76,1.43,1.06,7.3,7.85,8.15,3.72,5.26,3.91,6.82,6.91,5.77,6.55,6.41
NESN.SW,2026-04-23,0.1003178767509247,4.19,5.446,3.663,5.076,3.666,7.15,7.737,8.118,3.727,4.681,3.818,6.773,6.955,5.681,6.636,5.864
NFLX,2022-07-21,0.1032430727476319,6.5,7.0,8.5,4.0,5.5,7.5,6.0,8.0,7.0,6.5,5.0,7.5,6.0,5.5,7.0,6.5
NFLX,2022-10-20,0.1360095530902511,4.5,5.0,5.0,5.0,5.0,5.0,5.0,5.0,5.0,5.0,5.0,5.0,5.0,5.0,5.0,5.0
NFLX,2023-04-21,0.18864906382643,4.5,4.1,7.0,5.0,4.5,8.2,7.0,9.0,5.0,9.5,3.0,8.0,8.5,7.0,6.0,2.0
NFLX,2023-07-21,-0.0229154360478943,5.0,5.0,5.91,3.0,5.0,8.0,7.0,9.0,5.0,9.5,3.0,8.0,8.5,7.0,6.0,2.0
NFLX,2023-10-20,0.2113357041515093,5.3,5.5,5.3,4.0,4.0,7.0,7.0,9.0,3.0,9.5,2.0,7.75,8.25,6.5,6.5,1.5
NFLX,2024-01-26,-0.0026476603246471,6.5,7.0,7.5,4.0,5.5,7.0,7.8,9.0,3.0,9.3,1.0,7.7,8.3,6.5,7.0,1.0
NFLX,2024-04-22,0.1588171921690675,5.2,5.4,5.2,4.8,4.9,7.0,7.6,9.0,3.5,9.3,2.5,7.7,7.9,6.8,6.8,1.8
NFLX,2024-07-19,0.0960085051048241,6.5,7.3,7.8,5.0,5.0,7.5,7.8,9.0,3.3,9.3,2.0,7.7,7.8,6.8,7.0,1.7
NFLX,2024-10-18,0.1335467130156941,4.0,7.0,6.0,4.5,4.0,8.5,8.0,9.5,3.0,9.5,2.5,8.0,8.0,7.0,6.5,1.5
NFLX,2025-01-27,0.0920371900374077,6.5,6.0,7.0,4.0,4.5,7.5,8.0,9.0,3.0,9.5,2.0,8.0,8.0,6.5,6.5,1.5
NFLX,2025-04-18,0.2012426434400434,5.5,6.0,7.0,4.5,4.0,8.0,7.5,9.0,3.0,9.0,2.5,8.0,7.5,7.0,6.5,2.0
NFLX,2025-07-18,-0.0164212095562693,7.5,7.5,7.2,4.0,4.5,7.5,8.0,9.0,3.5,9.0,3.0,7.8,7.8,7.3,6.5,2.0
NFLX,2025-10-22,-0.2217444926292459,4.0,5.4,8.0,3.0,3.0,7.5,7.8,8.8,3.5,8.8,3.0,7.8,7.8,6.8,6.5,2.0
NFLX,2026-01-23,0.0534164023392636,7.8,7.8,7.8,4.2,5.2,7.8,7.8,9.0,3.8,8.8,2.8,7.8,7.8,6.8,6.4,2.2
NFLX,2026-04-17,-0.2109237160061931,7.0,6.5,6.8,4.0,7.0,7.5,7.0,8.5,6.0,7.0,3.0,7.0,8.0,8.0,6.5,2.0
NOVO-B.CO,2024-03-07,0.0915379732223863,6.5,6.0,7.0,5.5,5.0,7.5,6.0,6.5,7.0,4.0,5.0,7.5,6.0,5.5,6.5,5.0
NOVO-B.CO,2024-05-02,0.0069778917531231,7.0,8.0,8.5,1.0,1.0,9.0,9.0,9.5,9.0,7.5,6.5,9.5,8.5,7.5,8.0,9.5
NOVO-B.CO,2024-08-07,-0.0653295158803637,7.0,7.0,6.0,5.0,5.0,7.8,8.3,9.0,8.5,7.0,6.0,9.3,8.0,7.3,7.3,9.0
NOVO-B.CO,2024-11-06,-0.0572763099557369,7.83,5.1,5.71,0.0,0.0,8.0,8.5,9.0,8.5,7.0,6.0,9.0,8.0,7.5,7.0,9.0
NOVO-B.CO,2025-03-27,-0.0308889698962504,6.7,5.5,6.2,0.0,0.0,8.25,8.75,9.25,8.33,7.17,6.0,9.25,8.17,7.67,7.17,8.75
NOVO-B.CO,2025-08-06,0.0697298221616164,7.5,7.0,6.5,2.0,2.0,8.2,8.4,9.1,8.3,7.0,6.0,9.1,8.0,7.5,7.3,8.8
NOVO-B.CO,2026-05-06,0.1376285379689215,8.5,8.3,1.1,5.1,5.0,8.4,8.6,9.1,8.2,7.3,6.3,9.0,8.3,7.5,7.3,9.2
NOW,2022-07-27,-0.090199153824366,7.5,6.8,8.1,5.5,6.0,8.5,7.2,8.0,7.8,6.5,5.0,8.2,7.0,7.3,6.7,5.8
NOW,2022-10-26,0.1195691592030214,4.0,5.0,7.0,5.0,6.0,7.5,8.0,8.5,6.0,7.0,5.0,8.0,8.5,7.0,7.5,8.0
NOW,2023-04-26,0.18582160602368,5.5,5.0,5.1,5.5,6.0,5.1,5.1,5.5,4.0,6.0,3.0,5.0,5.5,5.0,5.1,5.5
NOW,2023-07-26,-0.0287820707052537,3.5,5.2,6.5,4.0,7.0,6.0,6.0,7.0,4.5,7.0,3.5,7.0,7.5,6.0,6.0,7.0
NOW,2024-01-25,-0.0471483854099446,3.2,7.9,7.4,6.5,6.2,7.3,7.8,7.8,5.5,7.5,2.5,8.2,8.4,6.4,7.0,7.5
NOW,2024-05-06,0.0613729923901568,5.5,5.1,7.5,6.0,5.8,7.8,7.9,7.8,5.8,7.2,3.0,8.2,8.3,6.7,7.0,7.6
NOW,2024-07-24,0.1665757595417235,6.3,7.0,7.8,5.2,5.3,7.2,7.7,7.7,6.1,7.5,3.0,8.1,8.5,6.7,6.9,7.5
NOW,2024-10-23,0.1986779413517726,7.0,8.0,7.7,7.0,8.0,7.6,8.3,8.5,6.5,8.0,4.0,8.3,8.8,6.7,7.0,7.8
NOW,2025-01-29,-0.0525238205001503,4.9,6.0,7.5,8.5,9.0,8.0,8.5,9.0,7.0,8.0,6.0,8.5,9.0,7.5,7.0,8.0
NOW,2025-04-23,0.1435100886116031,7.13,7.96,7.61,7.27,7.62,7.5,8.12,8.38,6.5,7.5,4.12,8.38,8.62,6.88,7.0,7.38
NOW,2025-07-23,-0.0036747413117026,4.5,9.0,8.5,9.0,8.0,8.0,8.5,8.8,6.5,7.8,4.0,8.5,9.0,6.8,6.8,7.5
NOW,2025-10-29,-0.2669763142165545,5.7,7.5,8.2,9.0,7.5,7.7,8.1,8.1,6.4,7.5,4.1,8.3,8.8,6.6,6.7,6.4
NOW,2026-01-28,-0.1177884906217703,3.9,8.0,8.3,9.1,7.9,7.6,8.3,8.4,6.2,7.7,4.2,8.3,8.8,6.7,6.7,6.2
NOW,2026-04-22,0.0380559170656996,7.69,7.98,7.79,7.55,1.06,7.85,8.25,8.43,6.57,8.14,4.36,8.36,8.86,6.86,6.93,6.79
NVDA,2022-08-31,0.0656858969023792,7.8,8.2,8.5,5.0,5.5,7.0,7.5,8.0,6.5,6.0,5.8,7.2,6.8,7.1,6.3,5.9
NVDA,2022-11-18,0.1668995820987386,4.5,4.0,5.5,3.0,4.0,8.5,7.5,9.0,7.5,8.5,6.0,9.5,8.0,7.0,6.0,7.0
NVDA,2023-05-26,0.1108842532935575,5.0,7.5,3.0,5.0,5.0,8.0,8.0,9.0,8.0,9.0,6.5,9.5,8.5,7.5,7.0,7.75
NVDA,2023-08-25,0.0381771717833156,6.5,7.5,3.0,4.0,5.0,8.0,8.0,9.0,7.66,9.0,6.66,9.5,8.5,7.33,7.0,7.66
NVDA,2023-11-21,0.2610788713134997,5.4,7.1,5.1,4.5,3.9,8.5,8.7,9.2,7.6,9.2,7.1,9.5,8.7,7.7,7.0,8.0
NVDA,2024-02-21,0.1710202920126994,7.5,7.5,9.0,7.0,6.0,9.0,9.0,9.5,7.5,9.5,7.5,9.5,9.0,7.5,7.0,8.5
NVDA,2024-05-29,0.0554471577133667,5.2,7.0,9.5,4.5,5.0,8.7,9.0,9.3,7.7,9.2,7.2,9.7,8.8,7.7,7.0,8.2
NVDA,2024-08-28,0.061038962101786,7.23,7.93,9.65,4.0,7.09,8.5,9.18,9.38,7.88,9.25,7.5,9.75,8.75,7.5,7.0,8.38
NVDA,2024-11-20,-0.0191573808865253,7.4,7.28,1.61,0.35,2.95,8.75,9.15,9.3,7.85,9.15,7.5,9.7,8.75,7.75,7.15,8.15
NVDA,2025-02-26,0.0306034750692803,5.1,7.9,9.5,4.5,4.9,8.7,9.5,9.5,8.0,9.2,7.7,9.7,9.0,7.7,7.0,8.5
NVDA,2025-05-28,0.2957953181302731,6.0,7.5,9.8,7.0,9.0,9.5,9.5,9.5,8.0,9.5,7.8,9.8,9.0,8.5,7.5,8.0
NVDA,2025-08-27,-0.0022917424360079,8.5,7.84,6.85,0.23,3.19,9.4,9.08,9.38,7.92,9.25,7.83,9.67,8.92,8.17,7.25,7.92
NVDA,2025-11-19,0.0238040562567153,4.0,7.7,9.7,4.0,7.5,9.4,9.3,9.6,7.8,9.4,7.8,9.8,8.8,7.8,7.2,8.0
NVDA,2026-02-25,0.0668913042693647,7.42,7.43,7.63,4.29,3.26,8.75,8.92,9.33,7.67,9.25,7.83,9.67,8.75,7.67,7.08,8.17
NVDA,2026-05-20,-0.1689143164216616,3.21,7.82,4.15,8.15,4.01,9.33,9.0,9.33,7.67,9.33,7.67,9.75,8.83,8.0,7.25,8.17
NVS,2023-07-24,-0.1393175376222429,7.5,8.2,7.8,6.5,7.1,8.0,7.9,9.0,8.5,7.0,6.8,8.8,7.7,8.1,7.3,7.6
NVS,2023-10-26,0.2198532536456905,7.5,8.0,6.0,3.0,3.5,7.0,8.0,8.0,7.0,6.0,5.0,8.0,7.0,7.0,6.0,8.0
NVS,2024-01-30,-0.0860810049022806,7.2,7.4,7.0,4.9,4.5,8.5,7.5,7.75,7.5,6.25,5.5,8.5,7.0,7.25,6.25,8.0
NVS,2024-03-31,0.1758552258794616,7.2,7.44,8.0,5.3,4.5,7.16,7.33,7.83,7.67,6.17,5.0,7.83,7.0,7.17,6.33,8.0
NVS,2024-07-17,0.0643881317286322,4.0,7.0,8.5,3.0,3.5,7.5,7.5,7.8,7.5,6.2,5.0,8.2,7.5,7.2,6.8,8.0
NVS,2024-10-31,-0.0458234927955835,3.9,7.4,8.9,4.8,3.4,7.4,7.5,7.7,7.4,6.2,5.0,8.1,7.5,7.0,6.7,8.0
NVS,2025-01-30,0.1051853935651568,7.2,7.8,9.0,4.5,3.5,8.0,7.5,8.0,7.5,6.3,5.0,8.3,7.5,7.0,6.7,8.0
NVS,2025-03-31,0.108311386415313,6.4,7.5,8.0,4.8,6.1,7.8,7.5,7.8,7.6,6.2,5.0,8.5,7.5,7.0,6.7,8.0
NVS,2025-07-24,0.1545773240792103,6.5,7.8,8.0,5.8,0.51,8.0,7.7,8.0,7.5,6.3,5.0,8.3,7.5,7.0,6.7,8.0
NVS,2025-10-27,0.1594423639667274,6.5,7.8,10.0,5.0,5.0,7.0,7.8,8.2,7.5,6.5,6.0,8.5,8.0,7.5,7.0,8.0
NVS,2026-02-03,0.0069917824024466,6.9,7.9,7.9,5.9,5.0,6.8,7.7,8.1,7.5,6.4,5.7,8.3,7.7,7.2,6.8,8.0
NVS,2026-03-31,0.0170211129101891,7.06,7.56,7.9,5.8,0.33,6.9,7.6,8.1,7.5,6.3,5.7,8.4,7.7,7.3,7.0,8.1
ORCL,2022-09-13,0.0649797555579526,7.8,6.5,8.2,6.1,5.5,7.5,6.8,8.0,7.2,5.9,5.2,7.0,6.3,6.0,6.7,7.1
ORCL,2022-12-13,0.0725316443328085,5.0,7.0,7.5,4.0,5.0,5.0,5.0,5.0,5.0,5.0,5.0,5.0,5.0,5.0,5.0,5.0
ORCL,2023-03-10,0.3254186576627649,1.0,7.0,7.0,4.9,5.0,5.0,5.0,5.0,5.0,5.0,5.0,5.0,5.0,5.0,5.0,5.0
ORCL,2023-06-20,-0.0428799780023944,5.0,7.0,6.0,4.0,5.0,5.0,5.0,7.5,8.0,7.0,7.0,8.5,8.0,7.0,6.0,6.5
ORCL,2023-09-12,0.0644057894929481,7.0,8.0,8.5,5.0,7.5,9.0,8.0,7.5,6.5,7.0,6.0,8.5,8.5,7.0,7.0,7.5
ORCL,2024-03-12,-0.0235874017302156,5.41,7.2,7.25,3.0,4.5,8.0,7.67,8.25,7.25,8.0,5.5,7.83,8.67,6.33,7.0,6.67
ORCL,2024-06-20,0.1300903798364546,4.9,5.868,10.0,1.0,7.2,9.0,8.0,8.5,7.0,8.0,5.0,8.5,9.0,6.5,7.0,6.0
ORCL,2024-09-10,0.1936291745940065,5.61,6.51,7.39,2.51,5.11,8.25,7.67,8.17,7.0,7.83,5.5,8.17,8.5,6.75,7.0,6.75
ORCL,2025-03-11,0.1303856762636763,0.3,0.6,0.08,1.27,0.7,7.5,8.0,8.5,7.0,6.5,5.0,8.0,8.5,7.0,7.0,6.0
ORCL,2025-06-18,0.1281084983887775,3.7,7.0,7.6,2.2,4.7,8.4,7.5,8.3,7.3,7.4,5.0,8.0,8.7,6.8,6.5,6.2
ORCL,2025-12-11,-0.1000557842750295,1.675,0.732,0.07,5.009,0.649,8.5,7.0,8.0,7.5,7.0,5.0,8.0,8.5,6.5,6.0,6.0
PEP,2022-07-11,-0.0636607332367344,8.5,7.2,8.8,6.5,7.0,7.8,6.8,9.0,7.5,6.0,5.5,8.2,7.0,6.2,5.8,7.4
PEP,2022-10-11,0.1337187258872907,5.0,5.0,5.1,4.9,4.9,5.0,8.0,9.0,6.0,7.0,7.5,6.5,7.0,7.5,8.0,7.5
PEP,2023-04-24,0.0724733641918838,8.71,7.83,5.83,4.9,3.09,7.0,8.25,9.0,5.0,6.5,7.0,5.75,7.0,7.25,7.75,6.25
PEP,2023-07-12,-0.1347274507793232,3.0,6.0,7.0,3.0,3.0,7.0,8.0,9.0,4.0,6.0,6.0,5.0,7.0,7.0,7.0,3.0
PEP,2023-10-10,0.0432838438540429,7.0,6.0,7.0,4.0,3.0,7.0,9.0,9.5,4.0,5.5,6.5,4.5,7.0,7.0,7.5,6.0
PEP,2024-02-08,0.0489847031786019,5.9,5.3,7.1,4.5,3.1,7.1,8.3,9.0,4.5,6.1,6.4,5.4,7.4,6.9,7.4,5.9
PEP,2024-04-22,-0.0638489575302442,7.8,6.5,8.5,3.5,2.5,7.0,9.0,9.5,4.0,6.0,6.0,6.0,7.5,7.0,7.5,5.0
PEP,2024-07-10,0.0820401069973252,6.0,6.5,7.0,4.0,3.0,7.5,8.5,9.0,5.0,6.0,6.0,5.5,7.5,7.0,7.0,4.5
PEP,2024-10-07,-0.2006905664946961,5.1,5.1,7.1,4.0,3.5,7.2,8.3,9.0,4.5,6.1,7.0,5.5,7.7,6.8,7.6,5.2
PEP,2025-02-03,-0.1056443283355947,7.0,7.0,8.0,4.0,3.0,7.0,8.5,9.0,5.0,6.5,7.0,5.5,7.5,7.0,7.5,6.0
PEP,2025-04-23,0.0342900814098603,6.0,5.1,8.0,3.0,3.0,7.4,8.3,9.0,4.6,5.5,6.7,5.7,7.7,7.1,7.6,4.0
PEP,2025-07-16,0.123417733626756,5.6,5.4,7.2,4.1,3.0,6.9,8.3,9.0,4.4,5.6,5.9,5.4,7.5,6.9,7.5,4.8
PEP,2025-10-08,0.0232793084645186,3.58,5.51,6.15,3.51,2.51,7.14,8.21,9.0,4.14,5.64,6.36,4.86,7.57,7.0,7.57,4.79
PEP,2026-02-02,0.0124649169981071,3.25,5.78,4.75,3.02,3.55,6.64,8.13,9.0,4.5,5.75,5.94,5.19,7.44,6.75,7.31,4.81
PEP,2026-04-15,-0.0682490091556605,3.08,6.68,7.31,3.66,2.72,7.14,8.36,9.0,4.64,6.14,6.14,5.71,7.57,6.86,7.43,4.93
PG,2022-10-19,0.1674883368071419,6.5,6.0,7.0,7.5,6.8,6.2,7.8,7.2,5.5,4.5,5.0,7.0,6.8,5.8,6.5,6.0
PG,2023-01-19,0.1261710834411038,3.4,4.7,1.3,0.74,1.8,7.5,8.0,9.0,6.0,5.0,4.0,7.0,7.0,6.5,6.0,9.5
PG,2023-04-21,-0.0213778897957976,4.5,5.1,3.0,3.0,4.9,6.5,7.5,9.0,6.0,4.0,4.0,6.75,7.25,6.75,6.0,7.25
PG,2023-08-04,-0.0312852967831391,3.5,5.1,4.5,4.0,4.5,6.5,7.3,9.0,6.7,4.0,3.0,6.5,7.2,6.2,6.0,6.0
PG,2023-10-18,-0.0020146346058327,7.7,4.79,0.02,0.735,0.23,8.0,8.5,9.0,7.5,3.0,6.5,7.0,8.0,8.5,7.0,2.0
PG,2024-01-23,0.1203267801131203,7.7,4.79,1.06,0.735,0.23,7.5,8.5,9.0,7.5,3.0,4.0,7.0,8.0,8.5,7.0,2.0
PG,2024-04-19,0.1423714251745285,4.8,5.7,5.4,5.5,3.0,6.7,7.6,9.0,6.7,4.2,5.2,6.8,7.5,7.0,6.6,5.2
PG,2024-08-05,-0.0185952507514654,7.7,4.8,1.0,0.6,0.2,7.4,8.0,9.0,6.8,3.6,4.5,6.8,7.5,6.8,6.5,4.6
PG,2024-10-18,-0.0921589475042689,0.1415,0.479,0.002,0.735,0.23,7.125,7.875,9.125,6.75,3.75,4.75,6.875,7.5,6.875,6.5,5.375
PG,2025-01-22,0.0263750404153501,7.7,4.79,0.02,0.55,0.671,7.5,8.5,9.5,7.5,3.0,6.5,7.5,8.5,8.5,7.0,2.0
PG,2025-04-24,0.0032316255207128,7.7,4.79,0.02,0.55,0.23,7.5,8.5,9.5,7.5,3.0,6.5,7.5,8.5,8.5,7.5,3.0
PG,2025-08-04,0.0121994856609016,7.36,5.41,4.77,7.25,3.42,6.92,7.75,9.0,6.75,3.83,5.08,6.83,7.58,7.0,6.67,5.0
PG,2025-10-24,-0.0055572032250209,1.4,4.9,4.5,7.0,2.5,7.5,8.0,9.0,6.5,3.5,4.5,7.0,7.5,7.5,6.5,5.5
PG,2026-01-22,-0.0195135312917903,7.5,4.79,1.04,0.65,0.266,8.5,8.5,9.5,7.0,3.0,3.0,7.5,8.0,8.0,7.5,2.0
PG,2026-04-24,0.0384381008555517,6.87,7.42,5.67,5.18,4.25,7.42,8.25,9.25,6.75,3.5,4.58,6.83,7.58,7.17,6.75,4.58
PLTR,2022-08-08,-0.0947811095543384,7.8,7.2,8.1,6.5,7.5,8.5,7.0,8.8,7.9,6.8,7.3,8.3,7.7,8.0,7.1,7.6
PLTR,2022-11-07,0.0831504432200307,2.67,7.8,7.0,10.0,6.5,7.0,6.0,6.5,5.0,5.0,4.0,7.5,6.0,5.5,6.0,7.0
PLTR,2023-05-08,0.2701875069088947,4.085,7.8,7.0,9.5,7.5,7.0,6.25,7.0,5.5,5.0,4.75,7.5,6.5,5.75,6.25,7.0
PLTR,2023-08-07,0.0389070803964736,6.2,7.97,7.23,5.67,7.63,7.0,6.67,7.5,6.33,5.83,4.67,7.5,7.33,5.83,6.33,7.5
PLTR,2023-11-03,-0.0437973931343814,4.23,7.93,7.23,5.67,6.17,7.17,7.17,7.33,7.17,6.57,5.57,7.67,7.67,6.5,6.67,8.0
PLTR,2024-02-20,-0.0207250538045047,4.5,8.09,4.95,7.5,6.63,7.5,7.5,7.5,7.13,6.75,5.88,7.88,7.75,6.75,6.75,8.38
PLTR,2024-05-06,0.0418976180495437,5.82,7.98,7.12,6.2,6.79,7.56,7.32,7.32,6.74,6.28,6.52,7.82,7.82,6.72,6.82,8.12
PLTR,2024-08-05,0.2901430556219292,7.6,0.81,0.17,0.0,4.2,8.0,7.0,7.5,7.0,6.5,8.0,8.5,8.0,7.0,7.0,8.0
PLTR,2025-02-18,0.0319040539342815,0.16,0.8,0.3,0.0,2.86,7.0,8.0,8.0,7.0,6.0,7.0,8.0,8.0,7.0,7.0,8.0
PLTR,2025-08-04,0.1390832653456778,0.1045,0.81,0.3,0.0,4.84,7.0,8.0,8.0,7.0,6.0,7.0,8.5,8.0,7.0,6.5,7.0
PLTR,2025-11-03,-0.161517469946332,7.6,8.1,7.0,10.0,9.0,8.0,7.5,7.0,6.0,6.5,7.0,8.5,8.0,7.0,7.0,7.5
PLTR,2026-02-17,0.0235446569797243,0.1045,0.81,0.44,0.0,5.415,7.0,7.5,6.0,5.0,6.5,7.0,8.0,7.5,7.0,6.0,7.0
PLTR,2026-05-04,-0.0584055022315734,7.2,8.4,6.0,10.0,7.8,8.0,7.5,7.0,6.5,7.0,6.0,8.5,8.0,7.0,7.0,7.5
PM,2022-07-29,-0.0689886755996393,7.8,6.5,8.2,4.2,3.9,7.1,6.8,8.5,7.5,6.1,5.0,7.9,6.9,5.8,7.2,8.1
PM,2022-10-27,0.221166941489505,4.0,5.0,5.0,5.0,5.0,5.0,5.0,5.0,5.0,5.0,5.0,5.0,5.0,5.0,5.0,5.0
PM,2023-04-26,0.0346377989841891,4.0,6.526,5.127,1.824,5.2574,7.5,7.0,8.5,7.0,6.0,5.0,8.0,6.5,7.0,6.0,7.5
PM,2023-07-27,-0.1119558385587208,2.0,5.5,6.8,1.5,5.1,7.75,7.0,8.25,7.25,6.5,5.75,8.25,6.75,7.0,6.5,7.75
PM,2023-10-26,0.0508501840913762,4.0,5.5,7.0,3.0,4.5,8.0,7.0,8.5,7.0,6.5,5.5,8.0,6.5,7.0,6.5,7.5
PM,2024-02-08,0.1869295272869719,5.2,5.3,6.2,4.0,5.8,7.7,7.0,8.2,7.2,6.8,5.7,8.1,6.8,6.8,6.7,7.7
PM,2024-04-26,0.3622211930491832,7.0,7.0,8.0,4.0,6.0,8.0,7.0,8.0,7.0,7.0,6.0,8.0,7.0,7.0,7.0,8.0
PM,2024-07-25,0.1664558190669761,6.5,6.0,8.0,4.0,4.0,8.5,7.5,8.5,7.5,6.5,6.0,8.5,7.0,7.0,7.0,8.5
PM,2024-10-24,-0.02959437418711,4.0,6.0,7.5,2.0,2.0,8.5,7.5,8.5,7.5,7.0,6.5,8.5,7.5,7.0,7.0,8.5
PM,2025-02-06,0.1878137910275313,5.1,5.5,7.0,3.0,3.0,9.0,7.5,8.8,7.8,6.8,6.2,8.8,7.5,6.7,6.7,8.3
PM,2025-04-24,-0.0389924395628813,3.5,6.4,7.0,2.5,3.0,8.4,7.5,8.8,7.7,7.0,6.4,8.5,7.3,7.0,6.8,8.2
PM,2025-07-25,-0.0048261907149602,3.5,6.41,3.67,1.0,1.0,8.12,7.25,8.5,7.38,6.8,6.25,8.5,7.38,6.62,6.75,8.12
PM,2025-10-24,0.1143219507321874,3.5,6.4,5.5,1.0,1.0,8.0,7.5,8.5,7.5,7.0,6.0,8.5,7.5,7.0,6.5,8.0
PM,2026-02-06,-0.035632992516716,7.5,6.74,0.075,1.92,0.77,7.0,8.0,9.0,7.5,6.0,5.0,8.5,7.0,7.0,6.5,8.0
PM,2026-04-24,0.1342566988503673,3.0,6.4,0.7,1.0,1.0,8.0,7.5,9.0,8.5,7.0,6.0,8.5,7.5,7.0,7.0,8.0
QCOM,2022-07-27,-0.1520150510909107,7.5,6.2,8.1,4.1,5.0,7.8,5.5,8.5,7.2,6.0,4.8,7.9,6.5,5.8,7.0,6.8
QCOM,2023-02-02,-0.2035319097699636,3.5,4.5,7.0,4.0,3.0,5.0,5.5,6.0,5.0,5.0,5.0,6.5,7.5,7.0,6.5,5.0
QCOM,2023-05-03,0.0501248226073627,3.5,5.2,1.5,7.5,7.0,9.0,6.5,8.5,9.5,5.5,5.0,9.5,8.0,7.5,6.5,7.0
QCOM,2023-08-02,-0.1222202037520783,3.0,5.5,4.0,6.5,7.5,8.0,7.0,8.0,9.0,7.0,5.0,9.0,7.5,7.0,6.0,7.0
QCOM,2023-11-01,0.2369584269427539,4.5,5.2,3.2,7.0,7.5,8.0,7.0,8.0,9.0,6.0,5.5,9.0,7.0,7.0,6.0,7.0
QCOM,2024-01-31,0.0976868050184592,4.2,5.2,2.5,7.6,7.0,8.9,7.2,8.2,9.3,7.5,6.5,9.1,8.3,7.0,6.2,7.3
QCOM,2024-05-01,0.0179203004799214,3.5,5.5,3.0,5.8,6.5,8.2,7.5,8.5,9.3,7.8,6.5,9.0,8.5,7.0,6.0,7.2
QCOM,2024-07-31,-0.0013984869449326,3.0,5.1,2.5,5.5,5.5,8.0,7.5,8.0,9.0,7.5,4.0,8.5,7.5,6.5,5.5,7.0
QCOM,2024-11-06,-0.0126192803329869,3.5,5.3,3.2,6.1,7.2,8.3,7.5,8.0,9.2,8.0,5.3,9.2,8.0,7.0,5.5,7.3
QCOM,2025-02-05,-0.0706074762419566,6.5,5.5,4.5,5.5,6.0,8.5,7.5,8.5,9.5,8.0,6.5,9.0,8.0,7.0,6.0,7.5
QCOM,2025-04-30,0.0068495097947691,7.7,5.5,4.2,6.1,5.7,8.1,7.4,8.0,9.2,8.3,5.7,9.0,8.1,7.0,6.0,7.5
QCOM,2025-07-30,0.1002272677446837,7.0,5.4,3.0,6.0,7.0,8.5,7.5,8.0,9.0,8.0,6.5,9.0,8.0,7.0,6.5,7.5
QCOM,2025-11-05,-0.1947085057904835,7.0,5.6,3.0,5.0,5.0,8.5,7.5,8.0,9.0,8.5,6.5,9.0,8.0,7.0,6.0,7.5
QCOM,2026-02-04,0.1422842180890747,5.7,5.56,5.47,5.51,5.65,7.83,7.5,7.83,9.17,8.17,6.42,9.0,8.17,7.0,6.5,7.58
QCOM,2026-04-29,0.0765722248810215,4.0,5.8,3.5,6.0,7.0,8.5,7.5,7.5,9.0,8.0,6.0,8.5,8.0,7.0,6.0,7.5
RHHBY,2023-04-26,0.0125124798712187,7.8,7.5,8.2,6.5,7.0,8.0,7.2,8.5,7.9,6.8,7.1,8.1,7.6,7.3,8.3,7.7
RHHBY,2023-07-27,-0.2154990269385939,7.8,8.2,4.5,6.0,5.5,9.0,8.5,9.2,8.8,7.5,6.5,9.0,8.7,8.0,7.0,8.0
RHHBY,2023-10-19,0.0921572147655851,6.4,7.85,2.15,0.35,0.775,8.5,7.75,8.85,7.9,6.75,5.75,8.5,7.85,7.5,6.75,7.0
RHHBY,2024-02-01,-0.1380505704602319,7.15,7.57,3.0,3.27,0.77,8.67,8.17,8.93,8.43,6.83,5.75,9.0,8.43,7.67,7.0,7.33
RHHBY,2024-04-24,0.2740096937383719,7.5,7.75,3.97,4.75,7.83,9.0,7.83,8.92,7.83,6.83,6.67,9.0,7.92,8.0,7.0,7.67
RHHBY,2024-07-25,0.0248925416504835,7.6,7.6,4.575,4.9,7.425,9.0,7.75,8.75,7.875,6.75,6.5,9.0,8.125,7.75,7.0,7.75
RHHBY,2024-10-23,-0.0717776950815831,7.6,7.65,4.8,4.1,6.3,8.75,7.65,8.75,8.0,6.7,5.75,8.75,7.8,7.5,6.8,7.25
RHHBY,2025-01-30,0.0317592646541801,7.24,7.65,3.76,2.9,5.55,8.75,7.75,8.75,7.75,6.75,6.15,9.0,8.0,7.5,6.85,7.5
RHHBY,2025-04-24,0.0387734139925738,7.63,7.88,3.81,3.1,5.32,8.8,7.95,8.8,7.7,6.75,6.13,9.0,7.95,7.55,7.0,7.45
RHHBY,2025-07-24,0.0646751650047824,7.1,7.55,4.28,2.88,4.74,9.0,7.8,8.5,7.85,6.7,6.15,9.0,7.8,7.65,7.0,7.65
RHHBY,2025-10-23,0.2350219704495262,7.05,6.85,4.31,3.15,4.7,9.0,7.77,8.55,7.77,6.72,4.72,8.85,7.85,7.25,7.05,7.55
RHHBY,2026-01-29,-0.0706062087546156,7.54,6.94,3.21,2.33,4.03,9.0,7.83,8.67,7.83,6.67,5.17,9.0,7.75,7.33,6.83,7.5
RHHBY,2026-04-23,0.0354013887400481,7.54,6.2,3.41,3.0,4.73,9.0,7.92,8.75,7.83,6.67,5.17,9.0,7.75,7.58,6.83,7.58
RTX,2022-07-26,0.0080442764006243,6.5,7.2,7.8,6.8,5.5,8.1,7.0,7.5,8.5,6.0,5.8,8.8,7.3,6.2,7.1,6.7
RTX,2022-10-25,0.152482846971575,3.0,3.0,5.5,5.5,3.0,7.0,7.5,8.0,7.0,6.5,8.0,8.5,8.0,7.5,7.0,6.0
RTX,2023-04-25,-0.133885723605892,4.0,4.5,5.3,5.5,4.0,7.5,7.5,8.25,7.0,6.5,8.0,8.75,8.25,7.25,6.5,6.75
RTX,2023-07-25,-0.1651042608117161,3.5,4.0,6.0,6.0,3.0,8.5,7.5,8.5,7.0,6.5,8.0,9.0,8.0,7.0,6.0,7.0
RTX,2023-10-24,0.2077306094729949,4.5,6.5,6.2,5.2,4.8,7.8,7.3,8.2,7.0,6.3,8.0,8.8,7.9,7.1,6.3,6.9
RTX,2024-02-05,0.2299579803491525,4.0,4.5,5.5,5.0,4.2,7.5,7.2,7.8,7.0,6.3,7.5,8.5,7.8,6.8,6.2,6.5
RTX,2024-04-23,0.0735422120787637,2.5,3.0,3.5,6.0,2.0,7.8,7.3,8.1,7.0,6.3,7.6,8.7,7.9,7.0,6.1,6.7
RTX,2024-07-25,0.2231378857886367,4.5,5.8,6.0,5.0,4.0,8.0,7.5,8.2,7.0,6.5,7.8,8.7,7.9,7.0,6.2,6.7
RTX,2024-10-22,0.0202076475245653,2.5,7.5,7.0,6.0,4.0,8.0,7.8,8.4,7.0,6.3,7.8,8.8,7.9,7.0,6.0,7.0
RTX,2025-02-03,0.0090431402129207,3.2,6.6,6.8,6.1,4.1,7.4,7.5,8.1,7.0,6.2,7.4,8.5,7.7,7.0,6.1,6.8
RTX,2025-04-22,0.3549346975832067,3.5,7.5,7.0,6.0,4.5,7.5,7.5,8.0,7.0,5.5,7.5,8.5,7.5,7.0,6.0,6.5
RTX,2025-07-22,0.10490835933531,3.5,5.7,7.0,6.5,4.5,7.5,7.5,8.0,7.0,6.0,7.5,8.5,7.5,7.0,6.0,6.5
RTX,2025-10-21,0.1641378440536634,3.5,0.18,0.13,0.71,0.11,7.3,7.5,8.1,7.0,5.8,7.0,8.3,7.6,7.0,6.1,6.8
RTX,2026-02-06,-0.1032424495458112,3.6,4.7,7.7,7.0,3.5,7.4,7.5,8.1,7.0,5.8,7.1,8.5,7.7,7.1,5.7,6.7
RTX,2026-04-21,0.0815199167352454,4.4,4.9,6.8,5.5,3.9,7.5,7.5,8.3,7.3,5.8,7.2,8.6,7.8,7.2,6.0,6.9
RY.TO,2023-03-01,-0.1322179187327394,7.5,6.8,7.2,4.5,5.1,8.0,6.0,7.0,7.8,6.5,5.5,8.2,7.1,6.7,5.9,6.2
RY.TO,2023-05-25,0.0441969371618646,5.0,5.0,5.1,5.0,5.0,5.1,7.0,7.5,2.0,4.0,3.0,5.0,6.0,5.5,6.0,3.0
RY.TO,2023-08-24,-0.0266794824448839,3.0,7.0,9.0,3.0,5.0,6.0,5.0,5.0,2.0,5.0,3.0,6.0,5.0,6.0,6.0,4.0
RY.TO,2023-11-30,0.189609621035888,4.8,7.88,7.94,2.0,7.75,5.83,7.67,8.25,2.33,5.0,3.33,6.0,7.17,6.33,7.0,3.67
RY.TO,2024-02-28,0.179090409656572,5.2,5.5,7.8,3.0,5.7,5.3,7.5,8.3,2.6,5.6,3.3,6.2,7.6,6.7,7.2,4.3
RY.TO,2024-05-30,0.1871004424069526,7.5,5.0,8.5,4.0,7.8,6.1,7.5,8.3,2.5,5.0,2.5,5.1,7.5,6.7,7.0,4.0
RY.TO,2024-08-28,0.2175204652084819,5.5,5.0,6.5,4.0,5.5,6.0,7.3,8.7,2.0,5.7,3.0,5.5,7.7,6.7,7.2,4.2
RY.TO,2024-12-04,-0.0731429022108641,6.5,5.1,8.0,5.5,7.0,6.0,7.5,9.0,2.0,6.0,3.0,5.5,8.0,7.0,7.0,4.5
RY.TO,2025-02-27,0.0533706822937165,6.5,5.0,7.0,4.0,6.0,6.5,7.5,8.8,2.0,6.0,3.5,5.5,7.8,6.8,7.3,4.5
RY.TO,2025-05-29,0.3016661090379215,7.5,8.5,8.0,6.5,8.5,6.5,8.0,9.0,2.0,7.5,3.0,7.0,8.5,7.0,7.5,6.5
RY.TO,2025-08-27,0.1888121352434401,6.0,7.0,8.0,4.0,7.5,6.0,7.5,9.0,2.5,5.5,3.0,6.0,8.5,7.0,7.0,3.5
RY.TO,2025-12-03,0.0465322475198003,6.5,7.0,8.0,3.0,7.0,6.0,7.5,8.8,2.0,4.0,2.5,5.0,7.8,6.7,6.5,3.5
RY.TO,2026-02-26,0.2011566476122752,5.86,5.63,6.73,3.43,7.48,5.65,7.52,8.56,2.17,4.31,2.95,4.71,7.58,6.64,6.75,3.74
RY.TO,2026-05-28,0.5630387620706054,6.8,5.6,6.9,4.2,7.4,5.4,7.3,8.5,2.3,4.6,2.8,4.7,7.7,6.7,6.6,3.8
SAN.MC,2023-04-25,0.0808462749894756,7.5,8.0,7.0,6.5,6.0,7.0,8.5,8.0,7.5,6.0,7.0,8.0,7.5,7.0,6.5,7.0
SAN.MC,2023-07-25,-0.0179022911357111,1.33,2.5,6.5,7.0,9.0,8.0,7.5,7.0,2.0,6.0,2.0,7.0,7.0,7.0,7.0,7.0
SAN.MC,2023-10-24,0.16958290609079,3.285,1.23965,8.825,7.0505,4.8165,5.5,7.25,7.0,2.0,5.0,2.0,6.0,6.5,6.5,6.5,7.0
SAN.MC,2024-01-31,0.2345254736690715,5.0034,5.25,8.5,8.0,9.0,7.0,7.75,7.666666666666667,4.0,6.166666666666667,5.0,7.0,7.833333333333333,7.0,7.666666666666667,7.166666666666667
SAN.MC,2024-04-29,-0.0407241902814012,6.06,5.53,9.18,7.53,8.87,6.0,7.67,7.33,3.67,6.0,4.67,7.33,7.53,6.67,7.17,6.17
SAN.MC,2024-07-24,-0.0172108336025382,5.5,6.0,7.0,6.5,7.5,6.0,7.5,7.5,3.0,6.5,4.0,7.0,7.5,6.5,7.0,6.0
SAN.MC,2024-10-28,0.0826492471864599,7.3,6.75,7.5,7.5,8.75,6.5,7.75,7.5,2.75,6.75,2.75,7.25,7.25,6.5,7.0,5.75
SAN.MC,2025-02-05,0.13351052714223,7.136,6.873,6.49,7.136,7.636,6.6,7.582,7.218,3.0,6.555,3.867,6.927,7.218,6.555,7.045,5.727
SAN.MC,2025-04-29,0.1660455392138824,7.5,7.8,7.5,7.0,8.0,7.0,8.0,7.0,3.0,6.0,6.0,6.5,7.0,7.0,7.0,6.0
SAN.MC,2025-07-29,0.0930143390729999,7.4,7.8,7.5,8.0,8.5,7.0,8.5,8.0,6.0,7.5,7.0,7.0,8.0,7.5,7.0,7.5
SAN.MC,2025-10-29,0.2149700288258744,7.4,7.8,7.5,7.0,8.5,6.0,8.5,8.0,3.0,7.5,4.0,8.0,8.5,7.5,8.0,5.0
SAN.MC,2026-02-03,-0.0063468310541951,7.26,6.79,5.03,5.85,5.76,6.27,7.73,7.57,3.27,6.73,3.91,7.18,7.36,6.73,6.91,6.18
SAN.MC,2026-04-29,0.2281554375650159,6.82,6.35,6.58,7.28,7.53,6.75,7.77,7.52,3.38,6.75,3.88,7.15,7.38,6.58,7.08,6.35
SAP.DE,2023-04-21,0.0940957030448635,7.2,6.5,8.1,4.8,5.5,7.5,6.8,8.5,7.0,6.0,5.8,7.8,6.2,7.1,6.7,5.9
SAP.DE,2023-07-20,-0.0243025208371511,4.0,6.0,7.0,6.5,5.0,7.5,8.0,8.5,7.0,9.0,6.5,8.0,9.5,7.0,7.0,8.0
SAP.DE,2023-10-18,0.2695775221108887,4.0,6.0,4.0,5.0,7.5,5.0,6.5,7.0,6.75,8.75,5.0,8.0,9.25,6.5,6.75,7.5
SAP.DE,2024-01-24,0.1082472005056328,4.9,5.9,4.0,5.0,6.5,7.7,7.5,8.3,6.5,8.2,5.0,7.8,8.8,6.5,6.8,7.5
SAP.DE,2024-04-22,0.1095192529172641,5.1,5.5,6.5,5.5,6.0,7.75,7.5,8.25,6.67,7.83,5.33,7.67,8.75,6.67,6.75,7.5
SAP.DE,2024-07-22,0.1540002392406308,5.0,5.5,7.0,7.0,7.5,8.0,7.8,8.0,6.5,8.0,5.5,8.0,8.8,6.8,7.0,7.3
SAP.DE,2024-10-21,0.2857345642238295,7.2375,0.771,0.0675,0.2148,1.0575,8.125,7.75,8.125,6.75,8.0,5.75,7.875,8.875,6.875,6.875,7.25
SAP.DE,2025-01-28,-0.006638625205809,5.8,7.2,8.5,5.5,6.8,8.3,7.8,8.5,6.8,8.3,5.6,8.0,9.0,6.8,6.9,7.3
SAP.DE,2025-04-22,0.1771832381721146,6.5,7.8,9.5,7.0,7.0,8.5,7.8,8.5,6.8,8.3,5.5,8.3,9.2,7.0,6.8,7.5
SAP.DE,2025-07-22,-0.0900130988842657,5.5,6.0,7.8,7.0,5.8,8.5,7.5,8.3,6.7,8.1,5.1,8.2,8.9,6.8,6.8,7.4
SAP.DE,2025-10-22,-0.1618769859457757,4.0,5.5,8.0,7.0,6.0,8.5,7.8,8.2,6.8,8.0,5.0,8.3,9.0,6.8,6.8,7.5
SAP.DE,2026-01-29,-0.0675320587187654,7.7,7.8,8.8,5.5,7.5,8.2,8.2,8.3,6.7,8.1,5.3,8.4,9.1,6.9,6.9,7.4
SAP.DE,2026-04-23,0.0205143875583259,6.7,5.8,8.2,5.8,6.9,8.4,7.9,8.3,6.5,8.1,5.0,8.4,8.8,6.8,6.8,7.3
SCHW,2022-07-27,0.11950021908647,7.5,6.8,8.2,4.1,3.9,7.1,5.5,8.9,7.8,6.2,5.1,7.0,6.5,5.9,6.0,7.2
SCHW,2022-11-02,0.0120747379050607,4.5,4.0,3.0,6.5,7.0,6.0,7.5,8.0,2.0,6.0,2.0,6.5,7.0,6.0,7.0,5.0
SCHW,2023-05-04,0.2296384679029352,7.0,7.0,6.0,7.0,7.0,6.0,7.5,8.0,2.5,6.5,2.0,6.5,7.0,6.5,7.0,4.5
SCHW,2023-07-28,-0.2085222916244615,8.5,5.0,3.5,7.0,8.0,7.0,8.5,7.75,2.33,7.0,2.67,7.0,7.67,6.67,7.33,5.17
SCHW,2023-11-06,0.1148230625997431,7.5,5.0,3.0,7.0,8.0,7.0,8.0,7.5,2.0,6.0,2.0,7.0,7.5,7.0,7.0,5.0
SCHW,2024-02-23,0.1433967054101457,5.54,5.07,2.5,5.44,7.34,6.75,8.12,7.87,2.5,6.5,2.5,6.93,7.5,6.75,7.25,4.75
SCHW,2024-05-02,-0.11471906029126,4.84,5.7,3.55,6.75,7.95,7.0,8.25,8.0,2.75,6.75,2.75,7.0,7.65,7.0,7.65,5.0
SCHW,2024-07-29,0.1179978925912015,4.5,5.5,2.0,6.5,8.0,7.0,8.5,8.5,3.0,7.5,3.0,7.0,8.0,7.0,7.5,5.0
SCHW,2024-10-31,0.1521745098449063,4.1,4.7,2.5,6.2,8.8,7.0,8.3,8.1,2.6,7.0,2.8,7.0,7.7,6.7,7.4,4.5
SCHW,2025-02-26,0.0944726140858551,4.5,4.0,1.1,7.5,1.3,7.0,8.5,9.0,3.0,7.5,5.0,7.0,8.0,7.0,8.5,6.0
SCHW,2025-05-06,0.2695468746509018,4.5,4.0,1.7,7.5,1.4,7.0,8.5,9.0,2.0,7.5,2.0,7.0,8.0,7.0,8.5,3.0
SCHW,2025-07-24,-0.0151237026422043,5.3,6.1,4.1,7.9,9.0,7.0,8.4,8.5,2.7,6.6,2.9,7.1,7.9,6.7,7.5,4.5
SCHW,2025-10-26,0.1279042014170396,3.2,4.8,4.0,8.5,9.2,7.0,8.2,8.7,2.8,7.1,3.2,6.8,7.9,6.8,7.6,4.5
SCHW,2026-02-25,-0.0844324978986943,6.5,5.5,4.0,7.5,8.5,7.0,8.0,8.5,3.0,7.0,3.0,6.5,7.5,6.5,7.5,4.0
SCHW,2026-05-05,0.0822034318167491,5.2,5.2,5.1,7.8,7.9,7.0,8.1,8.5,3.0,6.5,3.0,7.0,7.9,6.8,7.6,4.6
SHEL.L,2023-05-04,0.0022740260516699,7.8,8.5,9.1,6.2,7.1,8.0,7.5,8.8,7.9,6.5,7.0,8.2,7.7,8.1,7.3,8.4
SHEL.L,2023-07-27,0.2279033696478335,4.5,5.0,3.0,5.0,5.0,3.5,7.0,8.0,5.0,6.0,7.5,7.0,8.5,6.0,7.0,7.0
SHEL.L,2023-11-02,-0.1367323561774896,3.2,7.2,3.1,4.3,5.2,4.5,6.8,8.0,4.5,5.5,7.3,7.3,7.3,5.8,6.5,6.8
SHEL.L,2024-02-01,0.2154651293868375,4.0,4.5,3.0,4.0,4.0,5.5,7.0,8.0,5.0,6.0,7.0,7.5,7.0,6.3,6.3,7.0
SHEL.L,2024-05-02,-0.0261414291578763,3.5,5.0,3.0,6.0,4.5,5.8,7.2,8.0,4.0,6.0,7.8,7.6,7.5,6.4,6.7,7.7
SHEL.L,2024-08-01,-0.1366086760711621,3.5,5.0,2.0,6.5,2.5,4.0,7.0,8.0,3.7,5.1,7.7,7.5,7.3,6.3,6.7,7.5
SHEL.L,2024-10-31,0.0618001924719789,3.5,5.0,3.2,5.4,4.0,5.1,6.8,7.8,4.5,5.5,7.6,7.3,7.2,6.4,6.7,7.8
SHEL.L,2025-01-30,-0.0751550160451435,4.0,6.0,3.0,4.5,4.0,6.0,7.2,8.2,4.5,5.5,7.8,7.3,7.3,6.5,6.7,7.7
SHEL.L,2025-05-02,0.1225291841197329,3.0,5.0,2.5,5.0,3.5,5.5,7.0,8.0,4.0,5.5,7.5,7.0,7.0,6.5,6.5,7.5
SHEL.L,2025-07-31,0.0944707782368772,3.4,4.8,2.1,4.7,3.0,6.2,7.5,8.6,4.7,6.2,8.0,7.5,7.4,6.5,6.8,7.8
SHEL.L,2025-10-30,-0.0355721993143212,3.5,4.8,3.0,4.5,3.8,6.0,7.3,8.3,4.5,6.1,7.8,7.3,7.3,6.5,6.6,7.6
SHEL.L,2026-02-05,0.1100937331603503,2.5,5.5,2.5,4.0,3.0,5.8,7.2,8.2,4.5,5.5,7.7,7.3,7.2,6.3,6.8,7.5
SHEL.L,2026-05-07,-0.133055221508893,3.2,5.0,3.5,4.0,4.5,5.8,7.7,8.4,4.5,5.7,7.7,7.5,7.3,6.5,6.7,7.4
SHOP.TO,2023-05-04,0.0227151236318521,8.5,7.2,8.9,6.1,5.5,7.8,6.5,9.1,8.2,7.0,6.8,7.5,8.0,7.3,6.9,8.7
SHOP.TO,2023-08-03,0.0438458354226532,3.5,5.0,7.5,4.0,8.0,7.5,8.0,7.0,3.0,9.0,2.0,8.5,8.0,7.0,7.0,6.0
SHOP.TO,2023-11-02,0.2149218938106158,3.5,5.0,7.8,3.8,4.5,8.5,9.0,8.0,2.5,9.2,1.5,7.8,7.8,6.5,6.8,6.0
SHOP.TO,2024-02-13,-0.1256008450236746,2.5,5.5,7.0,7.0,6.0,7.2,8.0,7.3,3.0,8.8,2.0,7.8,7.7,6.5,6.8,5.6
SHOP.TO,2024-05-08,0.0570373816915067,1.8,6.5,8.0,8.0,6.8,8.2,8.0,7.7,3.4,8.7,2.7,8.0,7.7,6.5,6.8,5.5
SHOP.TO,2024-08-07,0.2095647056777595,2.5,7.0,8.5,8.0,7.5,8.0,8.0,7.5,3.5,8.5,2.5,7.5,7.8,6.5,6.8,6.0
SHOP.TO,2024-11-12,0.0843531018070193,2.1,7.2,7.3,8.1,5.0,8.0,8.0,7.6,4.2,8.7,2.5,7.5,7.8,6.4,7.0,6.0
SHOP.TO,2025-02-11,-0.0241737878097427,2.5,7.0,8.0,8.5,7.5,7.5,8.0,7.5,4.0,8.8,2.5,7.8,8.0,6.3,7.0,6.0
SHOP.TO,2025-05-08,0.1929574768097595,4.5,8.0,7.5,6.0,6.0,8.0,8.0,7.5,4.0,8.5,3.0,7.5,8.0,6.5,7.0,6.0
SHOP.TO,2025-08-06,0.0622426533899469,3.5,8.5,7.5,7.0,7.2,7.9,8.1,7.5,4.0,8.8,3.0,7.8,8.2,6.6,7.0,6.0
SHOP.TO,2025-11-04,-0.1722200054368189,1.96,7.53,7.35,6.69,6.49,8.12,7.87,7.56,4.0,8.75,3.0,7.69,8.25,6.5,6.94,5.62
SHOP.TO,2026-02-11,-0.060534941002404,3.13,4.91,8.15,9.22,5.81,7.58,8.17,7.58,4.5,8.33,2.75,7.83,7.75,6.33,7.08,5.67
SHOP.TO,2026-05-05,0.1324157120986334,3.7,4.93,2.71,0.14,3.65,7.58,7.83,7.75,4.83,8.5,3.0,7.75,8.0,6.67,7.0,5.75
SIE.DE,2023-11-16,0.2486179198183779,7.8,7.2,8.5,6.1,5.5,7.0,6.5,8.2,7.5,6.8,5.8,7.9,7.1,6.3,7.7,8.0
SIE.DE,2024-02-08,0.1726777311787189,3.0,4.0,7.0,8.0,3.0,8.5,8.5,8.0,5.0,7.0,6.5,8.5,7.5,7.0,6.0,7.0
SIE.DE,2024-05-16,-0.0828029110355444,4.5,5.2,6.5,7.0,3.0,5.1,7.0,7.5,6.5,6.0,6.75,8.5,7.75,7.0,6.5,7.25
SIE.DE,2024-08-08,0.1818777597461496,3.0,5.0,5.5,6.0,5.5,5.0,7.0,8.0,6.5,6.5,5.5,8.5,7.5,7.0,6.5,7.0
SIE.DE,2024-11-14,0.2066668938318727,4.5,5.2,5.5,5.8,6.5,7.5,7.3,7.8,6.3,6.8,6.0,8.5,7.5,7.0,6.7,7.3
SIE.DE,2025-02-13,0.0079166197283988,4.5,5.5,6.0,6.5,7.0,8.0,7.5,7.8,6.7,6.5,5.7,8.3,7.7,7.0,6.8,7.3
SIE.DE,2025-05-15,0.0454145412347949,6.5,6.8,6.2,6.8,7.0,8.2,7.8,8.2,6.8,7.5,6.2,8.6,8.0,7.4,6.8,7.6
SIE.DE,2025-11-13,0.1322163868893911,4.5,5.0,6.0,7.0,5.5,8.0,8.0,8.0,6.5,7.0,6.0,8.5,8.0,7.5,7.0,7.5
SIE.DE,2026-02-12,0.0313252419517516,6.0,5.8,6.2,6.5,6.0,7.5,7.8,8.0,6.8,7.2,6.2,8.5,7.8,7.5,7.0,7.2
SIE.DE,2026-05-13,0.0344017808152214,3.8,5.0,6.0,6.5,5.0,7.0,7.5,7.8,6.8,7.2,6.2,8.5,8.0,7.5,6.9,7.3
SPGI,2022-08-02,-0.1084298580078634,7.5,6.8,8.2,4.5,6.1,7.9,7.2,8.5,7.0,6.5,5.9,8.0,7.7,7.1,7.3,6.7
SPGI,2022-10-27,0.1354340459144429,3.5,6.0,8.0,5.0,4.0,8.0,8.5,9.5,7.5,7.0,6.5,8.0,8.5,7.0,6.0,7.5
SPGI,2023-04-27,0.1154363342467424,4.0,4.5,9.5,5.0,4.8,7.8,8.3,9.3,7.3,7.8,6.8,8.0,8.5,7.3,6.3,8.3
SPGI,2023-07-27,-0.1687450153291521,3.0,4.5,8.5,6.0,3.5,6.5,8.2,9.25,7.0,7.8,6.3,7.7,8.3,7.0,6.2,8.0
SPGI,2023-11-02,0.3666115840367916,3.5,5.5,7.5,5.5,3.5,7.0,8.0,9.1,7.0,8.0,6.5,7.6,8.3,7.0,6.3,8.0
SPGI,2024-02-08,-0.0097014014133662,3.0,4.0,7.0,5.0,4.0,7.0,8.0,9.0,7.0,8.0,6.5,7.5,8.5,7.0,6.0,8.0
SPGI,2024-05-03,0.2275299169704938,4.9,5.5,7.8,6.0,4.9,7.0,8.0,9.3,7.2,7.8,6.8,7.6,8.3,7.1,6.6,8.0
SPGI,2024-07-30,0.0040466209073868,3.5,6.0,7.5,6.0,4.0,7.0,8.0,9.5,7.0,8.0,6.5,7.5,8.5,7.0,6.0,8.0
SPGI,2024-10-28,0.1066660164692537,4.5,6.5,7.5,6.0,5.0,7.5,8.0,9.5,7.0,8.0,6.5,7.5,8.5,7.0,6.0,8.0
SPGI,2025-02-11,-0.0242939479841801,4.0,5.5,7.0,5.5,4.0,7.2,8.0,9.3,7.1,7.7,6.7,7.5,8.5,7.0,6.3,8.0
SPGI,2025-04-29,0.1367024311206339,5.2,6.8,7.8,6.0,5.2,7.5,8.4,9.3,7.1,7.4,6.4,7.5,8.6,6.9,6.3,7.9
SPGI,2025-07-31,-0.1647469377314518,2.75,4.5,6.75,5.5,4.0,7.0,8.1,9.2,7.1,7.7,6.0,7.5,8.4,6.8,6.2,7.8
SPGI,2025-10-30,0.0990989341597812,7.6,7.0,0.14,0.3424,0.2638,7.0,7.5,8.5,6.0,7.0,5.0,7.0,7.5,6.0,6.0,7.0
SPGI,2026-02-10,0.0646828193771391,7.61,6.83,0.17,0.34,0.65,7.58,8.17,9.25,6.83,7.67,6.17,7.75,8.67,6.83,6.5,7.83
SPGI,2026-04-28,0.083596833178693,7.42,7.32,0.23,0.34,0.71,7.43,8.04,9.17,6.83,7.5,6.42,7.58,8.5,6.83,6.33,8.17
T,2022-07-27,-0.0111603679477535,7.8,7.1,8.5,6.5,5.5,8.9,7.2,9.1,7.5,6.8,7.0,8.2,7.7,7.9,8.0,6.9
T,2022-11-03,0.1188712734037896,4.5,5.0,2.0,4.0,5.0,7.0,8.0,8.5,6.0,7.5,8.0,7.0,8.5,6.5,7.0,5.0
T,2023-04-26,-0.1105000885808992,5.1,5.1,4.9,5.1,5.0,7.25,8.0,8.75,5.5,7.25,7.25,7.5,8.5,6.25,7.0,6.25
T,2023-07-27,0.0721440050247555,3.5,5.0,2.5,4.0,4.5,6.5,7.8,8.7,5.0,7.3,6.8,7.5,8.5,6.3,6.8,6.5
T,2023-10-25,0.182264532383391,6.0,6.5,4.0,4.5,4.0,6.7,7.5,8.4,5.0,7.4,6.5,7.3,8.1,6.2,6.9,6.2
T,2024-02-23,0.0995443429194094,8.5,8.16,3.28,0.82,0.41,6.5,7.5,8.375,5.0,7.875,6.5,7.5,8.625,6.5,6.875,6.5
T,2024-04-26,0.1826053089819169,7.6,7.6,5.2,4.2,4.9,6.8,7.5,8.3,5.0,7.7,6.6,7.5,8.4,6.4,6.8,6.3
T,2024-07-26,0.2235130136595501,4.0,4.5,4.0,4.0,4.0,6.5,7.5,8.5,4.0,7.5,6.0,7.5,8.5,6.0,6.8,6.0
T,2024-10-24,0.0534331948014099,4.9,7.2,3.5,3.0,3.5,5.8,7.5,8.3,4.4,7.7,6.4,7.4,8.3,6.3,6.8,6.4
T,2025-02-12,0.0545863690436021,4.5,5.5,4.5,4.0,3.0,6.5,7.5,8.5,4.0,7.5,6.0,7.5,8.5,6.5,6.5,6.0
T,2025-03-31,0.0386043500003252,3.6,6.7,3.1,4.2,3.0,6.5,7.4,8.4,4.8,7.6,6.2,7.6,8.2,6.4,6.8,6.1
T,2025-06-30,-0.0277010402776922,3.2,5.9,3.8,4.9,3.2,6.3,7.3,8.3,4.8,7.6,6.2,7.5,8.2,6.4,6.8,6.1
T,2025-10-27,-0.0605794954368159,4.5,7.31,4.24,4.86,5.1,6.6,7.34,8.16,4.5,7.74,6.12,7.48,8.16,6.24,6.74,6.12
T,2026-02-09,-0.0688946484174932,3.96,7.399,0.41,1.11,0.778,6.5,7.0,7.5,5.0,7.5,6.0,7.0,8.0,6.0,6.5,5.0
T,2026-04-22,-0.2485986883712188,4.0,6.8,2.1,0.8,0.3,6.5,7.4,8.1,5.3,7.7,6.5,7.5,8.1,6.5,6.8,6.0
TCEHY,2025-08-13,0.0899697642597101,6.5,7.0,7.5,6.0,5.5,8.0,7.0,8.5,7.5,6.0,5.0,7.0,6.5,5.5,6.0,5.0
TCEHY,2025-11-13,-0.1800094180960763,1.23,5.7,7.5,5.0,5.0,7.5,8.0,8.5,7.0,9.0,4.0,8.5,8.0,6.0,7.0,6.5
TCEHY,2026-03-18,-0.106991665359062,3.0,5.0,5.0,3.0,5.0,7.8,8.3,8.8,7.0,9.3,5.0,8.8,8.3,6.8,7.0,6.5
TCEHY,2026-05-13,-0.0923055658583002,3.5,5.7,5.1,4.2,5.5,8.1,8.6,8.1,7.0,9.3,5.6,8.5,8.2,7.3,7.0,6.8
TD.TO,2023-05-25,0.0799734242693097,7.5,6.2,8.1,4.5,6.8,7.0,6.5,8.5,7.8,5.0,6.0,7.2,6.7,5.5,6.9,7.3
TD.TO,2023-08-24,0.0699052244547503,4.5,6.0,8.0,9.5,9.0,7.0,7.5,8.0,2.0,6.0,3.0,7.0,8.5,6.5,7.0,5.0
TD.TO,2023-11-30,-0.003606389834446,3.0,7.5,8.0,5.0,4.5,5.0,7.0,7.8,2.5,6.3,3.5,7.0,8.0,7.3,7.0,5.5
TD.TO,2024-05-23,0.1101283286342325,3.5,4.5,7.5,4.0,6.0,7.0,8.3,7.8,2.3,6.5,2.3,7.0,8.0,7.0,6.7,5.0
TD.TO,2024-08-22,-0.0036931579269237,6.0,6.5,7.0,5.5,7.5,7.0,8.0,8.0,2.0,6.5,2.0,7.0,8.0,7.0,7.0,5.0
TD.TO,2024-12-05,0.2640043641953497,7.35,7.25,5.55,3.0,7.15,7.15,7.75,8.15,2.25,6.75,2.5,7.25,8.0,7.375,7.0,5.375
TD.TO,2025-02-27,0.1541522975745983,7.93,7.18,1.12,0.31,1.31,7.0,8.0,8.13,2.75,6.75,3.0,7.1,7.8,7.4,6.8,5.4
TD.TO,2025-05-22,0.3116068930200038,7.46,6.57,1.06,0.27,1.34,6.5,7.7,8.0,2.6,6.7,2.7,7.05,7.75,7.05,6.7,5.1
TD.TO,2025-08-28,0.3259739012085323,4.5,6.0,7.8,5.0,7.2,6.8,7.9,8.0,2.5,6.5,2.8,7.2,7.7,7.2,6.8,4.8
TD.TO,2025-12-04,0.1478714820099044,4.0,7.4,5.4,7.0,7.4,6.7,7.6,7.7,2.6,6.5,2.2,7.0,7.5,7.0,6.7,4.7
TD.TO,2026-02-26,0.2231480761877634,3.6,4.2,7.8,8.5,7.9,7.0,7.7,8.0,2.4,6.6,2.5,7.1,7.6,7.1,6.7,4.7
TD.TO,2026-05-28,0.3329114993740094,4.0,4.5,7.5,7.0,7.5,7.1,7.7,8.0,2.3,6.6,2.5,7.1,7.6,6.9,6.7,4.5
TJX,2022-08-26,0.2265144805335758,7.5,6.8,8.2,7.1,6.5,7.8,7.0,8.5,7.2,6.1,5.5,7.9,6.9,7.3,6.7,7.6
TJX,2022-11-29,-0.0613714202445503,7.5,7.0,7.8,6.5,7.2,6.0,7.0,8.0,6.5,5.0,5.5,7.0,6.8,7.5,6.2,5.8
TJX,2023-05-24,0.2270682494619186,6.8,7.1,4.5,5.5,3.2,5.0,8.0,7.0,2.0,3.0,6.0,2.0,5.0,6.0,7.0,7.0
TJX,2023-07-29,0.0233635335799188,4.5,4.0,5.5,6.0,5.0,4.0,8.25,7.0,2.0,3.0,6.5,2.5,5.0,6.0,7.25,6.5
TJX,2023-11-17,0.1857706988750343,5.5,5.0,4.0,6.0,7.0,5.5,9.0,7.0,2.0,3.0,7.0,4.0,5.5,6.5,7.5,6.0
TJX,2024-04-03,0.2043374256110044,7.5,5.1,5.5,7.2,5.1,4.0,8.5,7.0,2.0,3.0,6.5,3.0,5.5,6.5,7.5,7.0
TJX,2024-05-08,0.1687392182099386,6.0,6.0,7.0,6.5,6.5,4.5,8.0,7.0,2.5,3.0,6.5,3.5,5.5,6.5,7.0,7.5
TJX,2024-08-03,0.0515797706177116,7.0,7.0,7.0,7.0,7.0,5.0,8.0,7.5,2.0,3.0,7.0,4.0,6.5,6.5,7.0,8.0
TJX,2024-11-02,0.1820475484535731,3.2,5.1,6.5,6.5,6.0,5.0,8.2,7.5,2.4,3.0,6.5,3.5,6.5,6.7,7.1,7.5
TJX,2025-04-02,0.0190702981311724,3.2,7.5,7.8,6.5,7.5,5.0,8.3,7.7,2.0,3.0,6.7,3.5,6.4,6.7,7.2,7.5
TJX,2025-05-23,0.1455900702189414,7.1,6.7,7.1,7.1,7.1,4.5,8.3,7.8,2.3,3.0,6.4,3.4,6.1,6.7,7.1,6.5
TJX,2025-08-07,0.1537065068316918,4.5,5.6,5.8,7.8,6.7,4.5,8.2,7.7,2.2,3.0,6.6,3.4,6.2,6.8,6.7,6.2
TJX,2025-11-06,0.1386543061870287,6.0,6.5,6.5,8.0,5.0,3.0,8.5,8.0,2.0,2.0,7.0,3.0,6.0,7.5,6.5,8.0
TJX,2026-03-31,-0.0408875797248956,5.67,6.61,5.63,6.98,5.89,4.54,8.09,7.73,2.36,3.27,6.73,3.55,6.18,6.91,6.64,6.45
TJX,2026-05-02,0.0099591974952321,7.0,7.73,1.06,0.43,0.47,4.5,8.17,7.75,2.5,3.17,6.5,3.33,6.08,6.83,6.67,6.5
TM,2022-08-04,-0.1398090403163769,7.5,8.1,7.8,6.5,7.0,8.5,7.2,8.8,9.0,6.0,5.5,8.0,7.7,8.3,6.8,7.1
TM,2022-11-01,0.1032780131634517,5.0,4.0,3.0,5.0,5.0,8.0,7.5,9.0,4.5,6.5,7.5,8.0,8.5,7.0,7.5,5.0
TM,2023-02-09,0.0097537852676003,3.0,4.0,8.0,5.0,5.0,7.5,7.5,8.75,5.5,6.25,7.75,7.75,7.75,7.25,7.0,6.0
TM,2023-05-10,0.1546800248061495,7.59,7.9,1.05,0.0,0.0,7.83,7.83,8.83,5.67,6.75,7.83,8.0,8.0,7.25,7.5,6.0
TM,2023-08-01,0.0164141858990449,7.5,7.3,1.07,0.0,0.0,8.0,8.5,9.0,6.67,7.0,7.67,8.17,8.0,7.5,7.33,6.67
TM,2023-11-01,0.1064817728970684,6.9,6.2,7.1,4.0,4.0,7.75,8.25,8.75,5.75,7.0,7.5,7.75,7.63,7.38,7.44,6.69
TM,2024-02-06,0.0780442010675216,7.9,7.9,1.13,0.0,0.0,7.75,8.25,8.88,6.75,6.75,7.5,8.13,7.75,7.38,7.38,6.38
TM,2024-05-08,-0.2792177179617349,7.5,7.3,1.152,0.33,1.101,7.5,8.5,9.0,6.0,6.0,7.0,8.5,8.0,7.0,7.0,5.0
TM,2024-08-01,0.0010924263959209,7.5,7.6,1.1,0.3,0.7,7.2,8.3,8.7,5.8,6.7,7.0,7.9,7.6,7.3,7.3,5.8
TM,2024-11-06,0.0496459488535733,7.74,7.58,1.086,0.287,1.051,6.9,8.22,8.67,5.67,6.33,6.33,7.78,7.56,7.17,7.17,5.78
TM,2025-02-05,0.0016704566770653,7.36,8.63,1.0934,0.33,1.207,6.82,7.82,8.5,5.55,6.32,6.32,7.77,7.41,6.91,7.0,5.73
TM,2025-05-08,0.0134941169834575,6.6,6.8,1.07,1.9,1.01,6.98,7.98,8.41,5.81,6.33,6.33,7.75,7.33,7.17,7.08,5.75
TM,2025-08-07,0.1084521697528693,7.76,7.51,1.08,0.2,0.87,7.3,8.0,8.5,6.04,6.21,5.8,7.73,7.4,7.3,6.8,5.73
TM,2025-11-05,0.1952096898834983,7.11,6.57,1.07,0.29,0.88,7.31,7.81,8.5,5.94,6.5,5.81,7.81,7.31,7.19,6.81,5.63
TM,2026-02-06,-0.2226488967204761,7.18,8.21,5.46,3.63,3.65,7.17,7.75,8.75,5.83,6.33,6.5,7.75,7.17,7.17,6.92,6.25
TM,2026-05-08,-0.1045493087718265,7.7,7.7,5.2,4.5,4.5,7.3,8.1,8.7,5.4,6.4,6.1,7.9,7.4,7.0,7.2,6.2
TMO,2022-08-05,-0.1550694873614206,7.8,6.5,8.1,5.0,5.5,7.0,6.8,8.5,7.2,5.8,6.0,7.5,6.9,7.1,6.3,5.2
TMO,2022-11-04,0.1546344698873016,3.0,4.0,7.0,4.0,5.0,7.5,8.0,7.0,6.0,5.0,4.0,8.5,7.0,6.5,6.0,7.5
TMO,2023-05-05,0.0123090625093226,3.1,3.0,7.9,5.0,7.8,5.0,5.0,7.7,6.5,5.7,5.5,5.2,5.2,6.7,6.7,7.7
TMO,2023-08-04,-0.2246899948568343,2.5,4.5,6.8,7.0,6.5,7.5,8.0,7.8,6.5,5.7,5.5,8.2,7.2,6.7,6.7,7.7
TMO,2023-11-03,0.2215785247052624,3.5,4.2,4.5,5.7,6.0,7.8,7.5,7.8,6.8,6.3,5.8,8.2,7.3,6.8,6.8,7.0
TMO,2024-02-22,0.0808040163115863,3.5,6.0,5.5,5.5,4.5,7.5,7.5,7.5,6.5,5.5,5.0,7.5,7.0,6.5,6.5,7.0
TMO,2024-05-03,0.0993836490752935,4.5,6.8,3.8,7.6,4.1,7.8,7.8,8.1,6.3,5.5,5.4,7.9,7.1,6.9,6.7,7.1
TMO,2024-07-26,-0.1065712356080345,4.0,5.5,4.0,6.0,4.5,8.5,8.0,8.8,6.5,5.5,5.0,8.2,7.5,6.8,6.7,7.0
TMO,2024-10-29,0.1166513714070789,4.8,4.5,4.0,6.0,5.5,8.6,7.8,8.5,6.8,5.8,5.7,8.2,7.5,6.9,6.8,7.2
TMO,2025-02-20,-0.1812747742854919,4.5,5.0,4.0,7.5,5.0,8.5,8.0,8.0,6.5,6.0,4.5,8.0,7.5,6.5,6.5,7.0
TMO,2025-05-02,0.0720711575020352,4.2,5.5,5.5,4.0,4.5,8.2,7.8,7.8,6.5,6.2,5.0,8.2,7.4,7.0,6.7,7.2
TMO,2025-07-25,0.1534172667431339,3.5,4.0,4.8,6.5,3.0,8.2,7.7,8.1,6.7,6.2,5.2,8.1,7.5,7.1,6.8,7.4
TMO,2025-10-28,0.0801445757837941,4.1,6.4,5.3,5.3,4.5,8.3,7.8,8.2,6.8,6.7,5.5,8.1,7.8,7.0,6.9,7.3
TMO,2026-02-26,-0.0346369066324368,3.0,6.0,4.0,6.0,3.0,7.5,8.0,8.0,6.5,6.5,5.0,8.0,7.5,7.0,6.5,7.0
TMO,2026-04-29,0.1336285364507032,3.5,5.5,5.1,4.5,4.0,8.2,7.8,8.0,6.8,6.7,5.5,8.1,7.8,7.2,7.0,7.2
TSLA,2022-07-27,-0.0837602243650422,7.5,6.8,7.2,5.0,5.5,6.0,7.0,8.0,6.5,5.8,5.0,7.8,6.2,7.1,6.9,7.3
TSLA,2022-11-02,-0.013800249318515,4.5,6.0,8.0,5.5,4.0,7.5,8.0,9.0,7.0,8.5,6.0,9.0,8.0,7.5,7.0,5.0
TSLA,2023-05-03,0.2727843648610021,4.5,5.1,8.0,6.5,6.0,8.0,8.0,9.25,7.0,8.25,6.75,9.0,8.25,7.75,7.0,5.5
TSLA,2023-07-20,-0.0287982195844452,6.1,5.0,7.5,6.0,7.0,6.8,7.6,8.9,6.0,8.0,5.0,8.7,7.7,7.3,6.2,4.8
TSLA,2023-11-01,-0.0361400499780105,5.5,5.3,7.0,6.0,7.0,6.5,7.8,8.9,6.0,8.0,5.8,8.8,7.7,7.3,6.1,4.8
TSLA,2024-01-26,-0.0257916137974372,6.0,5.8,7.5,5.5,6.0,7.5,7.8,9.0,6.3,7.8,5.5,8.8,7.7,7.2,6.2,5.3
TSLA,2024-05-03,0.07722793326689,7.3,5.8,7.5,8.2,7.0,7.6,7.5,9.1,6.3,7.6,5.7,8.7,7.7,7.3,6.3,5.5
TSLA,2024-07-24,0.0212939610700114,3.5,5.0,6.5,7.0,6.0,8.5,7.5,9.0,6.5,7.5,5.5,9.0,8.0,7.0,6.5,5.0
TSLA,2024-10-29,0.1836713196343003,3.5,5.5,7.0,8.0,7.0,8.0,7.5,9.0,6.5,8.0,6.0,9.0,8.0,7.0,6.5,5.0
TSLA,2025-01-29,-0.0621556754924938,3.5,6.0,5.5,8.0,7.0,8.0,7.5,9.0,7.0,8.5,6.0,9.0,8.0,7.0,6.5,6.0
TSLA,2025-05-01,0.0509019002237826,7.77,6.37,6.23,8.33,1.01,7.75,7.67,8.83,6.75,8.17,5.75,9.17,7.83,7.67,6.58,5.58
TSLA,2025-07-25,0.2150501440013308,4.5,5.5,6.8,8.0,7.0,8.0,7.9,8.9,6.9,8.3,6.5,9.1,8.1,7.5,7.1,5.9
TSLA,2025-11-05,-0.0580269972582588,4.5,5.0,7.0,5.5,6.0,8.5,7.8,9.0,7.0,8.2,6.5,9.2,8.0,7.5,7.0,6.2
TSLA,2026-01-28,-0.0833323382799171,4.5,5.2,6.0,8.5,7.5,8.0,7.8,8.8,6.8,8.3,6.5,9.1,8.0,7.5,7.0,6.3
TSLA,2026-04-21,0.0268712042720693,3.9,5.2,3.8,6.5,7.8,8.4,7.7,8.8,7.0,8.3,6.4,9.1,8.1,7.6,6.9,6.4
TSM,2023-05-10,0.0888454519948195,6.5,7.0,7.5,6.0,5.5,8.0,7.0,7.5,8.5,6.5,5.0,8.0,7.0,6.0,6.5,7.0
TSM,2023-06-30,-0.1434772074812698,4.1,6.5,3.0,5.5,6.0,7.0,8.5,9.0,7.5,8.0,9.5,9.8,8.8,8.0,7.0,6.0
TSM,2023-09-30,0.1770275322698076,3.0,5.0,2.0,5.0,3.0,7.0,8.5,9.25,7.75,8.5,9.5,9.9,8.9,8.25,7.5,6.75
TSM,2024-03-31,0.1572681419359312,3.0,5.1,3.5,5.5,3.0,8.0,8.7,9.2,7.5,8.5,9.3,9.9,8.8,8.0,7.7,6.7
TSM,2024-06-30,0.0210623164249664,4.0,5.5,3.0,6.0,3.5,7.0,8.8,9.3,7.5,8.5,9.5,9.8,8.8,8.0,7.5,6.5
TSM,2024-09-30,0.1082762697397586,3.5,5.5,3.0,6.0,4.0,8.33,8.5,9.0,7.5,8.5,9.5,9.67,8.67,7.83,7.5,6.5
TSM,2025-03-31,0.1813050345333248,3.0,7.0,3.0,7.0,3.0,8.0,8.5,9.0,7.5,9.0,9.5,9.8,8.5,8.0,7.5,6.5
TSM,2025-06-30,0.1712358481792416,3.0,8.0,7.0,7.0,4.0,8.5,8.8,9.3,7.5,9.1,9.5,9.8,8.7,7.9,7.5,6.7
TSM,2025-09-30,0.0623973189195611,3.5,7.5,6.0,7.5,3.0,8.0,8.5,9.0,7.5,9.0,9.5,9.5,8.5,7.5,7.5,6.5
TSM,2025-12-31,0.0815100154962011,3.0,7.0,7.5,6.0,4.0,8.5,8.7,9.0,7.5,9.2,9.5,9.5,8.7,8.0,7.8,6.8
TSM,2026-03-31,0.1594016849366008,3.89,5.86,7.93,3.56,7.75,8.33,8.75,8.84,7.7,9.12,9.38,9.68,8.98,8.17,7.83,6.75
TXN,2022-07-27,-0.0289773552535287,6.5,7.2,8.0,5.5,6.0,7.0,6.8,7.5,7.1,5.8,6.2,7.8,6.6,7.3,6.9,5.2
TXN,2022-10-26,0.1001015366509383,7.0,8.0,7.5,6.0,7.0,8.0,9.0,7.5,7.0,6.0,7.0,8.5,8.0,7.0,7.0,7.5
TXN,2023-04-26,0.0877816992220603,4.0,6.0,7.5,5.0,7.0,8.0,9.0,7.5,7.0,6.0,7.0,8.5,8.0,7.0,7.0,7.5
TXN,2023-07-26,-0.2305270086013894,3.11,5.0,4.25,3.91,3.28,7.5,8.5,7.5,6.75,6.0,7.0,8.5,7.75,6.5,6.0,7.75
TXN,2023-10-25,0.172207102438796,3.5,5.5,4.0,6.0,6.5,8.0,8.0,7.33,6.83,6.0,7.0,8.5,7.5,6.5,6.0,7.5
TXN,2024-02-02,0.1255273012788339,4.5,6.1,5.8,3.2,4.9,7.5,7.8,7.3,6.8,5.4,6.8,8.2,7.4,6.2,5.5,7.3
TXN,2024-04-24,0.1557131589259169,4.0,5.5,4.5,7.0,5.0,7.75,7.75,7.37,6.75,5.62,6.62,8.12,7.37,6.62,5.62,7.25
TXN,2024-07-24,-0.0014291133707585,4.0,5.5,4.5,4.0,4.0,7.5,8.0,7.3,6.7,5.6,6.7,8.3,7.4,6.4,5.5,7.4
TXN,2024-10-23,-0.0520451949052346,4.2,6.1,6.3,3.5,4.0,7.7,7.9,7.3,6.7,5.6,6.7,8.2,7.5,6.6,5.6,7.3
TXN,2025-02-14,0.0340724650431637,3.5,7.5,6.5,4.5,4.0,7.8,7.9,7.1,6.8,5.9,6.2,8.3,7.4,6.5,5.8,7.4
TXN,2025-04-24,0.1021166334436493,0.07,0.61,0.88,0.76,2.89,7.17,7.58,7.15,6.75,5.92,6.17,8.17,7.5,6.5,5.92,7.33
TXN,2025-07-29,-0.0955013500580859,4.16,5.81,0.893,0.8045,2.583,7.5,8.0,6.0,7.0,6.5,5.0,8.5,7.0,6.0,6.5,7.5
TXN,2025-10-23,0.1099225382515657,4.2,7.0,4.8,6.5,5.1,8.1,7.8,7.2,6.8,5.5,6.3,8.6,7.4,6.7,5.9,7.6
TXN,2026-02-06,0.151056016369093,4.5,7.0,7.5,6.0,7.5,8.0,8.0,7.0,6.5,5.5,6.5,8.5,7.5,6.5,6.0,7.5
TXN,2026-04-24,0.055296015684871,4.2,7.45,0.95,0.8,2.15,7.5,8.0,7.33,6.83,5.75,6.17,8.33,7.33,6.67,6.33,7.67
UBER,2022-08-04,-0.0245165413720378,7.5,7.8,8.2,6.5,7.1,8.5,7.0,8.0,7.9,6.8,6.0,8.8,7.2,7.7,8.1,7.3
UBER,2022-11-04,0.1030481947397614,3.0,3.5,7.0,4.0,6.0,7.0,6.5,7.5,5.0,8.5,4.0,7.0,7.0,5.5,6.0,4.0
UBER,2023-04-27,0.3187700228247754,4.25,3.75,4.36,2.5,3.39,7.0,6.5,7.5,4.5,8.75,3.5,7.0,6.5,5.25,6.25,4.5
UBER,2023-07-28,-0.1162298621859917,3.14,2.37,5.75,2.5,3.07,7.0,6.5,7.5,4.33,8.5,3.33,7.0,6.33,4.73,6.0,4.5
UBER,2023-11-02,0.3786089894714108,5.0,3.7,7.6,5.0,6.2,7.0,6.5,7.4,4.5,8.8,3.0,7.0,6.4,5.0,6.4,4.8
UBER,2024-02-15,-0.1704703315708645,3.0,3.5,7.0,4.0,6.0,7.0,6.5,7.5,5.0,8.5,4.0,7.0,7.0,5.5,6.0,4.0
UBER,2024-05-06,-0.0426968277555973,4.0,3.9,7.8,3.0,6.7,7.7,6.7,7.5,5.0,8.8,3.5,7.1,6.5,5.3,6.4,4.8
UBER,2024-08-01,0.1706699841444853,3.8,3.9,7.5,3.6,6.5,7.5,6.8,7.5,4.8,9.1,3.1,7.1,7.1,5.5,6.5,4.2
UBER,2024-11-06,0.0157182464036441,5.67,3.91,4.58,3.25,3.41,7.4,6.95,7.6,5.1,9.1,3.5,7.15,6.83,5.67,6.5,4.33
UBER,2025-02-14,0.0924861090827275,4.0,4.0,7.5,3.5,6.0,7.5,7.0,7.8,5.0,9.0,3.5,7.0,7.0,5.5,6.5,4.5
UBER,2025-05-07,0.0890932685922786,4.4,3.8,7.6,4.4,0.7,7.4,7.1,7.8,5.2,9.2,3.5,7.3,6.7,5.8,6.6,4.7
UBER,2025-08-04,0.0846466624647102,5.87,3.99,6.77,3.31,0.72,7.38,6.82,7.75,5.23,9.13,3.63,7.31,6.75,6.0,6.69,5.56
UBER,2025-10-24,-0.0917050412542039,6.8,3.9,7.8,4.2,7.0,7.3,7.4,7.8,5.5,9.2,3.7,7.5,6.7,6.1,6.8,5.7
UBER,2026-02-13,0.0607092898292502,6.6,3.94,0.176,1.23,0.8,7.09,7.5,7.88,5.3,9.17,3.75,7.58,6.75,6.08,6.75,5.83
UBER,2026-05-06,-0.0524891845188384,6.12,3.96,7.21,4.17,6.5,7.19,7.31,7.94,5.5,9.13,3.44,7.56,6.56,6.0,6.69,5.56
UNH,2022-08-03,0.0259612736695522,7.8,7.1,8.5,5.5,6.2,7.9,6.8,8.1,7.5,5.0,5.8,7.3,6.5,7.0,6.0,6.3
UNH,2022-11-02,-0.1278428096642724,6.5,5.0,7.0,5.0,4.5,7.0,8.0,9.0,7.0,8.0,7.0,8.0,9.0,7.0,7.0,8.0
UNH,2023-05-03,0.0424015024364589,7.2,6.0,6.7,6.3,7.1,7.0,8.0,8.5,6.0,7.5,6.5,7.5,8.5,7.0,7.0,7.0
UNH,2023-08-02,0.1018332163102886,5.5,3.8,7.0,3.2,6.2,5.0,7.8,8.3,4.0,7.3,6.3,7.2,8.5,7.0,6.5,6.0
UNH,2023-11-06,-0.0235948006755312,6.0,5.5,7.5,6.5,4.0,5.0,8.0,8.5,4.0,7.5,6.5,7.0,9.0,7.0,6.0,7.0
UNH,2024-02-28,-0.0153901284451747,7.5,6.0,8.0,7.0,3.5,5.5,8.0,8.8,5.0,7.8,6.8,7.1,8.9,7.0,6.3,6.5
UNH,2024-05-08,0.1208439933869686,8.9,6.5,8.8,8.9,8.2,7.0,8.8,8.5,5.0,7.5,6.5,7.9,8.7,7.5,7.8,7.2
UNH,2024-08-09,0.095113539573887,7.3,6.5,8.1,8.5,4.8,4.3,8.1,8.7,3.5,7.5,5.7,6.8,8.8,6.5,7.1,7.2
UNH,2024-11-04,-0.0095426182658693,5.3,5.8,7.0,6.2,4.1,4.5,8.1,8.4,4.1,7.4,5.2,6.9,8.4,6.8,6.8,6.5
UNH,2025-02-27,-0.1329483861558567,7.0,6.0,8.0,7.5,6.0,7.5,8.0,9.0,6.0,7.0,4.0,7.5,8.0,7.0,7.5,8.0
UNH,2025-05-06,-0.1786227816954216,5.1,5.1,6.5,5.1,3.0,6.0,8.0,8.5,4.0,7.5,5.0,7.5,8.5,7.0,7.5,7.5
UNH,2025-08-11,0.1823847530152868,6.1,4.5,8.1,7.1,3.3,6.1,8.2,8.5,4.2,7.4,5.6,7.3,8.5,6.9,7.1,7.3
UNH,2025-10-28,-0.099001022318357,7.0,6.0,8.0,7.5,5.0,6.5,8.0,8.5,4.0,6.5,4.5,7.0,8.0,6.0,7.0,7.5
UNH,2026-03-02,0.2090807455292898,3.0,7.0,9.0,7.0,4.0,7.0,8.5,8.5,4.0,7.0,5.0,7.0,8.5,6.5,7.0,8.0
UNH,2026-05-05,0.25356157991179,0.0881,0.8864,0.13,0.7318,0.3056,7.5,8.0,8.5,3.0,6.0,4.0,6.5,7.0,6.0,6.5,8.0
V,2022-07-28,-0.02980714197174,7.5,6.8,8.1,4.2,5.5,7.9,6.0,8.5,7.2,6.5,5.8,7.0,6.2,7.7,5.1,8.8
V,2023-01-27,0.017244087788197,5.0,5.0,6.0,5.0,5.0,7.5,9.0,9.5,8.0,10.0,7.0,9.0,9.0,8.5,8.0,7.0
V,2023-04-26,0.0481392491738787,3.0,3.5,7.0,6.0,8.0,7.5,8.5,9.25,7.5,9.75,6.5,8.75,9.0,7.75,7.75,6.75
V,2023-07-25,-0.046641641766624,0.1443,0.6564,0.19,0.5541,0.9882,7.5,8.0,9.0,7.0,9.5,6.0,8.5,9.0,7.0,7.5,6.5
V,2023-11-15,0.2617634214781288,1.44,4.9,7.0,5.0,7.0,7.5,8.5,9.25,7.5,9.75,6.5,8.75,9.0,7.75,7.75,6.75
V,2024-01-25,0.0238774624309377,3.5,6.8,7.5,5.8,6.1,7.9,9.1,9.7,7.7,9.8,7.5,9.1,9.1,7.4,7.9,7.0
V,2024-04-23,-0.10674121716106,7.7,7.5,7.8,6.0,8.5,9.0,9.5,9.8,7.0,10.0,7.5,9.2,9.0,8.0,8.8,7.0
V,2024-07-23,0.1029924491828542,7.93,8.08,0.16,0.44,0.96,8.5,9.13,9.65,7.69,9.75,7.31,9.06,9.25,7.56,8.19,7.06
V,2024-11-13,0.2478207639038834,7.64,8.45,7.28,6.03,0.95,8.25,9.12,9.67,7.57,9.85,7.12,8.95,9.25,7.58,8.12,7.0
V,2025-01-30,0.0094647907716264,8.7,8.65,5.05,5.33,8.33,8.4,9.15,9.65,7.5,9.85,7.35,8.9,9.25,7.65,8.15,7.25
V,2025-04-29,0.041669036898313,7.87,7.97,1.06,1.01,0.97,8.43,9.12,9.63,7.55,9.8,7.35,8.87,9.23,7.5,8.1,7.43
V,2025-07-29,-0.0059994749253811,8.543333333333333,4.843333333333333,7.331111111111111,4.166666666666666,4.441111111111111,8.511111111111111,9.122222222222224,9.633333333333333,7.644444444444445,9.866666666666667,7.477777777777778,8.933333333333334,9.233333333333333,7.577777777777778,8.21111111111111,7.455555555555555
V,2025-11-06,-0.0089881756899538,8.3,8.3,9.1,5.2,7.6,8.2,9.1,9.7,7.5,9.8,7.5,8.9,9.3,7.6,8.2,7.3
V,2026-01-29,0.005039569403687,8.5,9.0,8.0,5.0,9.5,8.5,9.0,9.5,7.5,9.0,8.0,8.5,8.0,8.0,7.5,7.0
V,2026-04-28,0.208590686330849,7.5375,7.7863,0.0841,0.5339,0.7619,8.1333,9.1333,9.6667,7.6667,9.7667,7.5333,8.7333,9.1333,7.5333,8.0,7.1667
VZ,2022-08-03,-0.1746073297731506,7.5,7.0,8.5,6.0,5.0,8.0,6.5,7.0,7.5,4.5,5.0,8.0,6.0,5.5,7.0,5.5
VZ,2022-11-02,0.146755530774765,7.7,5.8,1.1,0.9,0.38,6.5,8.0,8.5,3.0,7.0,4.0,7.5,6.0,5.5,7.0,4.5
VZ,2023-05-03,-0.107116482461609,7.45,5.46,7.6,3.62,4.06,5.75,7.75,8.25,3.5,6.75,5.5,8.0,6.5,5.75,7.0,4.75
VZ,2023-07-27,0.0328375487947917,4.5,4.8,3.0,5.5,5.0,5.2,7.5,8.3,3.5,7.0,5.0,7.7,6.6,5.7,6.8,4.8
VZ,2023-11-02,0.2140125984773936,4.9,6.1,4.0,4.0,5.5,6.5,7.5,8.5,4.0,7.5,5.5,7.5,7.0,6.0,7.0,5.0
VZ,2024-02-09,0.0525972334486425,3.5,6.8,3.1,2.5,3.2,6.4,7.5,8.6,4.0,8.0,6.0,7.7,7.2,5.7,6.8,4.9
VZ,2024-05-03,0.0930908227509042,5.6,4.6,4.3,3.0,6.4,6.5,7.5,8.8,4.2,7.4,6.3,7.8,7.3,5.9,7.0,4.8
VZ,2024-07-29,0.0621366618899791,5.1,5.9,4.0,4.0,5.5,7.0,7.5,8.8,4.5,7.4,6.5,7.9,7.3,6.0,7.0,5.0
VZ,2024-10-26,-0.0037716347332787,6.3,5.0,2.7,2.5,0.5,7.1,7.5,8.8,4.4,7.4,6.3,7.9,7.3,5.8,6.9,4.7
VZ,2025-02-12,0.0618320944241015,4.6,4.6,4.0,4.0,4.6,7.5,7.6,8.8,4.4,7.3,6.4,7.9,7.3,5.7,6.9,4.7
VZ,2025-05-02,-0.0003423596278813,6.88,5.96,2.86,2.78,0.54,7.12,7.5,8.75,4.5,7.12,6.5,7.81,7.25,6.31,6.88,4.75
VZ,2025-07-30,-0.0805832209941061,4.3,5.7,2.0,2.9,0.6,7.1,7.4,8.7,4.1,7.1,6.3,7.9,7.2,6.2,6.9,4.7
VZ,2025-10-27,0.0368532998569534,6.4,4.3,1.9,2.7,0.6,7.2,7.5,8.8,4.3,7.3,6.5,8.1,7.3,6.4,6.9,4.7
VZ,2026-02-17,-0.0325758164263715,7.14,7.12,2.11,3.08,0.53,7.43,7.43,8.71,4.29,7.57,6.64,8.36,7.36,6.36,6.86,5.21
VZ,2026-05-05,-0.1434278971801696,7.0,7.5,4.0,4.0,8.0,8.0,8.5,9.0,5.0,7.0,6.5,8.0,7.5,6.0,7.0,4.0
WFC,2022-07-21,0.0216079823508424,7.5,7.0,8.0,6.5,6.0,8.5,7.0,8.0,7.5,6.5,6.0,8.0,7.0,7.5,7.0,6.5
WFC,2022-10-20,0.0207677104495951,7.1,2.39,0.16,0.34,1.21,7.0,7.0,8.0,2.0,5.0,3.0,6.0,7.0,6.0,7.0,4.0
WFC,2023-04-21,0.1106489169513305,7.05,2.61,0.3,0.58,1.22,6.5,7.0,8.25,3.0,3.5,2.0,6.75,7.5,6.5,7.0,4.5
WFC,2023-07-26,-0.1909157858554548,7.0,5.3,4.0,6.0,5.0,5.8,7.0,8.2,3.0,3.7,2.6,6.2,7.3,6.3,6.3,4.6
WFC,2023-10-27,0.3089216158979143,8.1,4.5,7.8,8.5,5.0,5.0,7.0,8.1,2.7,3.0,2.5,6.0,7.4,6.4,6.6,5.0
WFC,2024-02-20,0.2703981137006912,7.5,5.5,6.5,3.0,7.0,5.5,6.8,8.0,2.8,3.5,2.8,5.8,7.5,6.3,6.5,5.0
WFC,2024-05-02,-0.087452055134761,4.5,6.2,6.5,4.0,7.5,5.1,6.8,8.0,2.6,3.0,2.5,5.8,7.5,6.3,6.5,5.0
WFC,2024-07-23,0.0708084727437634,3.35,6.38,1.01,0.11,1.26,3.0,7.5,8.0,2.0,4.0,3.0,3.5,7.0,6.0,6.5,7.0
WFC,2024-10-22,0.1410883655590606,3.68,3.22,5.52,4.48,9.0,4.6,6.7,7.75,2.75,4.0,3.25,4.25,7.5,6.0,6.5,5.0
WFC,2025-02-25,-0.0003040087408538,1.83,2.71,3.78,0.1,5.69,4.17,7.17,7.75,2.17,3.5,2.5,4.58,7.33,6.0,6.5,5.0
WFC,2025-04-29,0.1663290926764213,3.27,3.36,5.5,4.5,7.88,4.0,7.08,7.75,1.92,3.33,2.6,4.08,7.17,5.67,6.5,5.17
WFC,2025-08-05,0.119249081539185,3.91,2.49,3.04,4.15,7.07,4.17,6.92,7.75,2.0,3.75,2.5,4.33,7.17,5.67,6.17,5.5
WFC,2025-10-31,0.0604430748165773,3.68,4.21,4.01,3.08,7.12,5.54,7.12,7.75,2.18,4.27,2.45,4.7,7.59,6.0,6.36,6.5
WFC,2026-02-24,-0.0596619856156822,3.81,3.42,4.74,3.71,7.11,4.22,7.13,8.25,2.25,3.38,2.63,4.38,7.5,6.0,6.19,6.5
WFC,2026-04-29,0.0811241621240857,3.58,2.99,1.01,0.64,1.15,4.88,7.11,8.04,2.0,4.0,2.5,4.5,7.33,6.33,6.33,6.0
WMT,2022-09-02,0.159683485109424,7.5,8.2,8.0,6.5,7.0,7.8,7.2,8.5,7.9,6.8,7.0,8.3,7.6,7.1,7.4,7.7
WMT,2022-12-01,-0.1173775919555561,3.5,3.8,6.5,5.0,2.0,6.0,7.5,9.0,3.0,6.5,7.0,5.5,7.0,6.0,7.0,4.0
WMT,2023-06-02,0.1752834934053714,4.0,4.5,6.0,4.0,3.5,5.0,7.8,9.0,3.0,5.75,7.0,4.75,7.0,6.0,7.5,3.0
WMT,2023-09-01,-0.0494978570555758,3.5,5.0,5.7,4.0,4.5,5.0,7.8,9.0,2.0,5.0,7.0,5.5,7.0,6.0,7.0,2.5
WMT,2023-11-30,0.2288667348694951,4.0,5.0,6.0,4.0,4.0,5.5,8.25,9.0,3.0,5.75,6.5,5.75,7.125,6.0,7.25,2.75
WMT,2024-03-15,0.143983612929409,5.4,4.8,5.8,4.5,4.2,6.0,7.8,9.0,2.8,5.6,5.5,6.0,7.5,5.8,7.5,3.0
WMT,2024-06-07,0.2148925434046019,6.0,5.5,5.5,5.0,4.0,7.0,8.5,9.0,3.0,5.5,5.0,6.5,7.5,6.0,7.5,3.5
WMT,2024-08-30,0.2732063016907267,6.5,5.5,6.0,5.0,3.0,6.5,8.5,9.0,3.0,5.5,6.0,6.0,7.5,6.0,7.0,3.5
WMT,2024-12-06,-0.0327033585855294,7.2,7.7,6.1,6.3,3.8,6.4,8.1,8.9,3.7,6.3,6.4,6.4,7.6,6.1,7.1,3.7
WMT,2025-03-14,0.0977508895060106,7.0,5.5,7.5,7.0,2.5,7.0,8.5,9.0,3.8,6.3,6.8,6.6,7.5,6.1,7.0,3.5
WMT,2025-06-06,0.0504402998726769,7.0,7.0,7.0,7.0,4.0,7.0,8.5,9.0,4.0,7.0,6.0,7.0,7.5,6.5,7.0,4.0
WMT,2025-08-29,0.1500249321849777,7.5,6.0,4.5,5.5,3.0,5.5,8.0,9.0,3.0,6.5,6.5,6.0,7.5,6.0,7.0,3.5
WMT,2025-12-03,0.0885538142304458,6.5,7.0,4.5,6.0,2.5,6.0,8.3,8.8,3.3,6.5,6.0,6.3,7.5,6.2,7.1,3.7
WMT,2026-03-13,-0.0291041976827508,5.5,5.5,6.0,6.0,3.0,6.0,8.3,8.8,3.4,6.5,5.8,6.5,7.5,6.3,7.1,4.0
WMT,2026-05-29,-0.0810949631355133,6.2,6.5,5.3,4.5,2.0,6.2,8.0,8.7,3.5,6.5,5.8,6.5,7.5,6.3,7.1,4.1
XOM,2022-08-03,0.1706818593070158,7.5,8.2,9.1,6.8,7.1,8.5,7.9,8.8,7.2,6.5,7.0,8.0,7.7,6.1,7.4,8.3
XOM,2022-11-02,0.0351813755836932,5.0,5.0,7.0,5.0,5.0,7.5,9.0,8.5,6.0,7.0,8.0,8.5,7.0,7.0,6.5,7.5
XOM,2023-05-02,-0.0332823540862399,7.2,7.5,8.0,6.0,5.8,7.8,9.2,8.7,6.2,7.2,8.2,8.7,7.2,7.0,6.7,7.7
XOM,2023-08-01,0.0088921174025765,5.5,5.8,7.5,5.6,4.5,7.8,9.0,8.5,6.0,7.0,8.0,8.5,7.0,7.0,6.5,7.5
XOM,2023-10-31,-0.0245377258721995,6.35,5.85,4.0,6.0,4.75,7.5,8.75,8.75,6.5,6.5,8.75,8.25,7.75,7.0,6.75,7.0
XOM,2024-02-28,0.1529890556722858,4.9,4.9,4.9,5.0,6.0,7.5,8.5,8.5,6.5,5.0,8.0,8.5,7.0,7.0,6.5,7.0
XOM,2024-04-29,0.000524610063509,7.0,7.5,4.0,8.0,7.5,7.0,8.5,8.5,7.0,5.5,8.0,8.0,7.5,7.0,6.5,7.0
XOM,2024-08-05,0.0178625495315413,3.5,6.5,3.0,7.0,7.0,6.5,8.5,8.5,5.5,5.5,8.0,7.5,7.5,7.0,6.0,7.0
XOM,2024-11-04,-0.0909495815881193,5.3,5.3,4.0,7.5,7.5,7.0,8.5,8.5,5.5,5.5,8.5,8.0,7.5,6.8,6.2,6.8
XOM,2025-02-19,-0.0212838131329629,4.5,4.0,2.0,7.0,3.5,7.8,8.6,8.7,6.6,5.7,8.3,8.1,7.5,7.2,6.5,7.0
XOM,2025-05-05,0.0622885483354602,3.5,4.0,3.0,7.5,4.0,7.2,9.0,8.8,6.5,5.0,8.2,8.0,7.8,7.5,6.5,6.5
XOM,2025-08-04,0.1099345668539241,4.5,4.0,3.5,7.0,6.5,7.0,8.5,8.7,6.5,5.0,8.0,8.0,7.5,7.0,6.0,6.8
XOM,2025-11-03,0.2968249588507258,6.5,5.8,3.2,7.5,6.2,7.1,8.7,8.6,6.4,5.6,8.1,8.1,7.7,7.4,6.6,7.1
XOM,2026-02-18,0.0801563525328875,5.5,5.8,3.8,5.0,5.5,7.3,8.7,8.7,6.6,5.5,8.2,8.0,7.6,7.2,6.3,6.9
XOM,2026-05-04,-0.1312709552570941,6.8,6.5,4.5,8.0,6.0,7.0,8.8,8.8,6.8,5.5,8.5,8.1,7.5,7.7,6.2,7.0
